,Unnamed: 0,PID,Title,Paper-source,Included,Exclusion Reason,Exclusion Reason Subcategory,Keyword,prop_match,where_match
0,0.0,,"Ng,Bernard;Abugharbieh,Rafeef;Palmer,Samantha J;McKeown,Martin J;(2007)Characterizing task-related temporal dynamics of spatial activation distributions in fMRI BOLD signals.",NOT IN Search 2,Exclude,Univariate,,,,
1,1.0,,"Osipowicz,Karol;Rickards,Tyler;Shah,Atif;Sharan,Ashwini;Sperling,Michael;Kahn,Waseem;Tracy,Joseph;(2011)A test of the role of the medial temporal lobe in single-word decoding.",Search 2,Exclude,Univariate,,,,
2,2.0,,"Araujo,Ivan E de;(2003)[Taste representation in the human cortex and the central control of appetite].",Search 2,Exclude,Univariate,,,,
3,3.0,,"Beauchamp,Michael S;(2005)Statistical criteria in FMRI studies of multisensory integration.",Search 2,Exclude,Univariate,,,,
4,4.0,,"Billington,Jac;Baron-Cohen,Simon;Bor,Daniel;(2008)Systemizing influences attentional processes during the Navon task: an fMRI study.",Search 2,Exclude,Univariate,,,,
5,5.0,,"Borowsky,Ron;Esopenko,Carrie;Cummine,Jacqueline;Sarty,Gordon E;(2007)Neural representations of visual words and objects: a functional MRI study on the modularity of reading and object processing.",Search 2,Exclude,Univariate,,,,
6,6.0,,"Bzdok,Danilo;Langner,Robert;Schilbach,Leonhard;Engemann,Denis A;Laird,Angela R;Fox,Peter T;Eickhoff,Simon B;(2013)Segregation of the human medial prefrontal cortex in social cognition.",Search 2,Exclude,Univariate,,,,
7,7.0,,"Canessa,Nicola;Alemanno,Federica;Riva,Federica;Zani,Alberto;Proverbio,Alice Mado;Mannara,Nicola;Perani,Daniela;Cappa,Stefano F;(2012)The neural bases of social intention understanding: the role of interaction goals.",Search 2,Exclude,Univariate,,,,
8,8.0,,"Cole,David M;Beckmann,Christian F;Oei,Nicole Y L;Both,Stephanie;van Gerven,Joop M A;Rombouts,Serge A R B;(2013)Differential and distributed effects of dopamine neuromodulations on resting-state network connectivity.",Search 2,Exclude,Univariate,,,,
9,9.0,,"Collette,Fabienne;Van der Linden,Martial;(2002)Brain imaging of the central executive component of working memory.",Search 2,Exclude,Univariate,,,,
10,10.0,,"d'Avossa,Giovanni;Shulman,Gordon L;Corbetta,Maurizio;(2003)Identification of cerebral networks by classification of the shape of BOLD responses.",Search 2,Exclude,Univariate,,,,
11,11.0,,"Daniel,Reka;Wagner,Gerd;Koch,Kathrin;Reichenbach,Jurgen R;Sauer,Heinrich;Schlosser,Ralf G M;(2011)Assessing the neural basis of uncertainty in perceptual category learning through varying levels of distortion.",Search 2,Exclude,Univariate,,,,
12,12.0,,"Davis,F Caroline;Knodt,Annchen R;Sporns,Olaf;Lahey,Benjamin B;Zald,David H;Brigidi,Bart D;Hariri,Ahmad R;(2013)Impulsivity and the modular organization of resting-state neural networks.",Search 2,Exclude,Univariate,,,,
13,13.0,,"Dmochowski,Jacek P;Sajda,Paul;Dias,Joao;Parra,Lucas C;(2012)Correlated components of ongoing EEG point to emotionally laden attention - a possible marker of engagement?",Search 2,Exclude,Univariate,,,,
14,14.0,,"Dobbins,Ian G;Schnyer,David M;Verfaellie,Mieke;Schacter,Daniel L;(2004)Cortical activity reductions during repetition priming can result from rapid response learning.",Search 2,Exclude,Univariate,,,,
15,15.0,,"Eickhoff,Simon B;Paus,Tomas;Caspers,Svenja;Grosbras,Marie-Helene;Evans,Alan C;Zilles,Karl;Amunts,Katrin;(2007)Assignment of functional activations to probabilistic cytoarchitectonic areas revisited.",Search 2,Exclude,Univariate,,,,
16,16.0,,"Eldeghaidy,Sally;Marciani,Luca;McGlone,Francis;Hollowood,Tracey;Hort,Joanne;Head,Kay;Taylor,Andrew J;Busch,Johanneke;Spiller,Robin C;Gowland,Penny A;Francis,Susan T;(2011)The cortical response to the oral perception of fat emulsions and the effect of taster status.",Search 2,Exclude,Univariate,,,,
17,17.0,,"Fabbri,Sara;Caramazza,Alfonso;Lingnau,Angelika;(2012)Distributed sensitivity for movement amplitude in directionally tuned neuronal populations.",Search 2,Exclude,Univariate,,,,
18,18.0,,"Ford,Jaclyn Hennessey;Addis,Donna Rose;Giovanello,Kelly S;(2011)Differential neural activity during search of specific and general autobiographical memories elicited by musical cues.",Search 2,Exclude,Univariate,,,,
19,19.0,,"Fridriksson,Julius;Moss,Joel;Davis,Ben;Baylis,Gordon C;Bonilha,Leonardo;Rorden,Chris;(2008)Motor speech perception modulates the cortical language areas.",Search 2,Exclude,Univariate,,,,
20,20.0,,"Fruhholz,Sascha;Ceravolo,Leonardo;Grandjean,Didier;(2012)Specific brain networks during explicit and implicit decoding of emotional prosody.",Search 2,Exclude,Univariate,,,,
21,21.0,,"Fruhholz,Sascha;Grandjean,Didier;(2012)Towards a fronto-temporal neural network for the decoding of angry vocal expressions.",Search 2,Exclude,Univariate,,,,
22,22.0,,"Ganis,G;Kosslyn,S M;Stose,S;Thompson,W L;Yurgelun-Todd,D A;(2003)Neural correlates of different types of deception: an fMRI investigation.",Search 2,Exclude,Univariate,,,,
23,23.0,,"Godde,Ben;Diamond,Mathew E;Braun,Christoph;(2010)Feeling for space or for time: task-dependent modulation of the cortical representation of identical vibrotactile stimuli.",Search 2,Exclude,Univariate,,,,
24,24.0,,"Graves,William W;Binder,Jeffrey R;Desai,Rutvik H;Conant,Lisa L;Seidenberg,Mark S;(2010)Neural correlates of implicit and explicit combinatorial semantic processing.",Search 2,Exclude,Univariate,,,,
25,25.0,,"Han,Sanghoon;Huettel,Scott A;Dobbins,Ian G;(2009)Rule-dependent prefrontal cortex activity across episodic and perceptual decisions: an fMRI investigation of the criterial classification account.",Search 2,Exclude,Univariate,,,,
26,26.0,,"He,Qinghua;Xue,Gui;Chen,Chunhui;Chen,Chuansheng;Lu,Zhong-Lin;Dong,Qi;(2013)Decoding the neuroanatomical basis of reading ability: a multivoxel morphometric study.",Search 2,Exclude,Univariate,,,,
27,27.0,,"Hollmann,Maurice;Rieger,Jochem W;Baecke,Sebastian;Lutzkendorf,Ralf;Muller,Charles;Adolf,Daniela;Bernarding,Johannes;(2011)Predicting decisions in human social interactions using real-time fMRI and pattern classification.",Search 2,Exclude,Univariate,,,,
28,28.0,,"Keightley,Michelle L;Chiew,Kimberly S;Anderson,John A E;Grady,Cheryl L;(2011)Neural correlates of recognition memory for emotional faces and scenes.",Search 2,Exclude,Univariate,,,,
29,29.0,,"Klasen,Martin;Kenworthy,Charles A;Mathiak,Krystyna A;Kircher,Tilo T J;Mathiak,Klaus;(2011)Supramodal representation of emotions.",Search 2,Exclude,Univariate,,,,
30,30.0,,"Laurent,Heidemarie K;Ablow,Jennifer C;(2012)The missing link: mothers' neural response to infant cry related to infant attachment behaviors.",Search 2,Exclude,Univariate,,,,
31,31.0,,"Levy,Jonathan;Pernet,Cyril;Treserras,Sebastien;Boulanouar,Kader;Berry,Isabelle;Aubry,Florent;Demonet,Jean-Francois;Celsis,Pierre;(2008)Piecemeal recruitment of left-lateralized brain areas during reading: a spatio-functional account.",Search 2,Exclude,Univariate,,,,
32,32.0,,"Lupyan,Gary;Mirman,Daniel;Hamilton,Roy;Thompson-Schill,Sharon L;(2012)Categorization is modulated by transcranial direct current stimulation over left prefrontal cortex.",Search 2,Exclude,Univariate,,,,
33,33.0,,"Mitchell,Rachel L C;(2013)Further characterisation of the functional neuroanatomy associated with prosodic emotion decoding.",Search 2,Exclude,Univariate,,,,
34,34.0,,"Mitchell,Rachel L C;Ross,Elliott D;(2008)fMRI evidence for the effect of verbal complexity on lateralisation of the neural response associated with decoding prosodic emotion.",Search 2,Exclude,Univariate,,,,
35,35.0,,"Peters,J;Buchel,C;(2010)Neural representations of subjective reward value.",Search 2,Exclude,Univariate,,,,
36,36.0,,"Poldrack,Russell A;Rodriguez,Paul;(2004)How do memory systems interact? Evidence from human classification learning.",Search 2,Exclude,Univariate,,,,
37,37.0,,"Prince,Steven E;Daselaar,Sander M;Cabeza,Roberto;(2005)Neural correlates of relational memory: successful encoding and retrieval of semantic and perceptual associations.",Search 2,Exclude,Univariate,,,,
38,38.0,,"Prince,Steven E;Thomas,Laura A;Kragel,Philip A;LaBar,Kevin S;(2012)Fear-relevant outcomes modulate the neural correlates of probabilistic classification learning.",Search 2,Exclude,Univariate,,,,
39,39.0,,"Puce,Aina;Perrett,David;(2003)Electrophysiology and brain imaging of biological motion.",Search 2,Exclude,Univariate,,,,
40,40.0,,"Rolls,Edmund T;(2004)The functions of the orbitofrontal cortex.",Search 2,Exclude,Univariate,,,,
41,41.0,,"Schacter,Daniel L;Wig,Gagan S;Stevens,W Dale;(2007)Reductions in cortical activity during priming.",Search 2,Exclude,Univariate,,,,
42,42.0,,"Schmitz,Taylor W;De Rosa,Eve;Anderson,Adam K;(2009)Opposing influences of affective state valence on visual cortical encoding.",Search 2,Exclude,Univariate,,,,
43,43.0,,"Sligte,Ilja G;Wokke,Martijn E;Tesselaar,Johannes P;Scholte,H Steven;Lamme,Victor A F;(2011)Magnetic stimulation of the dorsolateral prefrontal cortex dissociates fragile visual short-term memory from visual working memory.",Search 2,Exclude,Univariate,,,,
44,44.0,,"Speer,Nicole K;Jacoby,Larry L;Braver,Todd S;(2003)Strategy-dependent changes in memory: effects on behavior and brain activity.",Search 2,Exclude,Univariate,,,,
45,45.0,,"Spreng,R Nathan;Grady,Cheryl L;(2010)Patterns of brain activity supporting autobiographical memory, prospection, and theory of mind, and their relationship to the default mode network.",Search 2,Exclude,Univariate,,,,
46,46.0,,"Summerfield,Christopher;Behrens,Timothy E;Koechlin,Etienne;(2011)Perceptual classification in a rapidly changing environment.",Search 2,Exclude,Univariate,,,,
47,47.0,,"Wager,Tor D;Jonides,John;Smith,Edward E;Nichols,Thomas E;(2005)Toward a taxonomy of attention shifting: individual differences in fMRI during multiple shift types.",Search 2,Exclude,Univariate,,,,
48,48.0,,"White,Corey N;Mumford,Jeanette A;Poldrack,Russell A;(2012)Perceptual criteria in the human brain.",Search 2,Exclude,Univariate,,,,
49,49.0,,"Wildgruber,Dirk;Szameitat,Diana P;Ethofer,Thomas;Bruck,Carolin;Alter,Kai;Grodd,Wolfgang;Kreifelts,Benjamin;(2013)Different types of laughter modulate connectivity within distinct parts of the laughter perception network.",Search 2,Exclude,Univariate,,,,
50,50.0,,"Wilson-Mendenhall,Christine D;Barrett,Lisa Feldman;Barsalou,Lawrence W;(2013)Neural evidence that human emotions share core affective properties.",Search 2,Exclude,Univariate,,,,
51,51.0,,"Yago,Elena;Ishai,Alumit;(2006)Recognition memory is modulated by visual similarity.",Search 2,Exclude,Univariate,,,,
52,52.0,,"Tracy,J I;Mohamed,F;Faro,S;Pinus,A;Tiver,R;Harvan,J;Bloomer,C;Pyrros,A;Madi,S;(2003)Differential brain responses when applying criterion attribute versus family resemblance rule learning.",Search 2,Exclude,Univariate,,,,
53,53.0,,"Driver,Jon;Blankenburg,Felix;Bestmann,Sven;Vanduffel,Wim;Ruff,Christian C;(2009)Concurrent brain-stimulation and neuroimaging for studies of cognition.",Search 2,Exclude,Review or Methods ,,,,
54,54.0,,"Gilbert,Sam J;Spengler,Stephanie;Simons,Jon S;Steele,J Douglas;Lawrie,Stephen M;Frith,Christopher D;Burgess,Paul W;(2006)Functional specialization within rostral prefrontal cortex (area 10): a meta-analysis.",Search 2,Exclude,Review or Methods ,,,,
55,55.0,,"Maguire,Eleanor A;(2014)Memory consolidation in humans: new evidence and opportunities.",Search 2,Exclude,Review or Methods ,,,,
56,56.0,,"Oosterhof,Nikolaas N;Tipper,Steven P;Downing,Paul E;(2013)Crossmodal and action-specific: neuroimaging the human mirror neuron system.",Search 2,Exclude,Review or Methods ,,,,
57,57.0,,"Rauschecker,Josef P;Scott,Sophie K;(2009)Maps and streams in the auditory cortex: nonhuman primates illuminate human speech processing.",Search 2,Exclude,Review or Methods ,,,,
58,58.0,,"Sreenivasan,Kartik K;Curtis,Clayton E;D'Esposito,Mark;(2014)Revisiting the role of persistent neural activity during working memory.",Search 2,Exclude,Review or Methods ,,,,
59,59.0,,"Sakai,Katsuyuki;(2003)Reactivation of memory: role of medial temporal lobe and prefrontal cortex.",Search 2,Exclude,Review or Methods ,,,,
60,60.0,,"LaConte,Stephen;Strother,Stephen;Cherkassky,Vladimir;Anderson,Jon;Hu,Xiaoping;(2005)Support vector machines for temporal classification of block design fMRI data.",Search 2,Exclude,Review or Methods ,,,,
61,61.0,,"Grosenick,Logan;Klingenberg,Brad;Katovich,Kiefer;Knutson,Brian;Taylor,Jonathan E;(2013)Interpretable whole-brain prediction analysis with GraphNet.",Search 2,Exclude,Review or Methods ,,,,
62,62.0,,"Magland,Jeremy F;Childress,Anna Rose;(2013)Task-Correlated Facial and Head Movements in Classifier-Based Real-Time fMRI.",Search 2,Exclude,Review or Methods ,,,,
63,63.0,,"Ball,Tonio;Schulze-Bonhage,Andreas;Aertsen,Ad;Mehring,Carsten;(2009)Differential representation of arm movement direction in relation to cortical anatomy and function.",Search 2,Exclude,not fMRI,ECOG,,,
64,64.0,,"Bernasconi,Fosco;De Lucia,Marzia;Tzovara,Athina;Manuel,Aurelie L;Murray,Micah M;Spierer,Lucas;(2011)Noise in brain activity engenders perception and influences discrimination sensitivity.",Search 2,Exclude,not fMRI,EEG,,,
65,65.0,,"Jausovec,Norbert;Jausovec,Ksenija;(2007)Personality, gender and brain oscillations.",Search 2,Exclude,not fMRI,EEG,,,
66,66.0,,"Mansfield,Elise L;Karayanidis,Frini;Cohen,Michael X;(2012)Switch-related and general preparation processes in task-switching: evidence from multivariate pattern classification of EEG data.",Search 2,Exclude,not fMRI,EEG,,,
67,67.0,,"Tzovara,Athina;Murray,Micah M;Bourdaud,Nicolas;Chavarriaga,Ricardo;Millan,Jose del R;De Lucia,Marzia;(2012)The timing of exploratory decision-making revealed by single-trial topographic EEGanalyses.",Search 2,Exclude,not fMRI,EEG,,,
68,68.0,,"Banerjee,Arpan;Pillai,Ajay S;Horwitz,Barry;(2011)Using large-scale neural models to interpret connectivity measures of cortico-cortical dynamics at millisecond temporal resolution.",Search 2,Exclude,not fMRI,MEG,,,
69,69.0,,"Cornelissen,Piers L;Kringelbach,Morten L;Ellis,Andrew W;Whitney,Carol;Holliday,Ian E;Hansen,Peter C;(2009)Activation of the left inferior frontal gyrus in the first 200 ms of reading: evidence from magnetoencephalography (MEG).",Search 2,Exclude,not fMRI,MEG,,,
70,70.0,,"Stolk,Arjen;Verhagen,Lennart;Schoffelen,Jan-Mathijs;Oostenveld,Robert;Blokpoel,Mark;Hagoort,Peter;van Rooij,Iris;Toni,Ivan;(2013)Neural mechanisms of communicative innovation.",Search 2,Exclude,not fMRI,MEG,,,
71,71.0,,"Horner,A J;Henson,R N;(2008)Priming, response learning and repetition suppression.",Search 2,Exclude,not fMRI,Monkey,,,
72,72.0,,"Hussar,Cory R;Pasternak,Tatiana;(2009)Flexibility of sensory representations in prefrontal cortex depends on cell type.",Search 2,Exclude,not fMRI,Monkey,,,
73,73.0,,"Hussar,Cory R;Pasternak,Tatiana;(2012)Memory-guided sensory comparisons in the prefrontal cortex: contribution of putative pyramidal cells and interneurons.",Search 2,Exclude,not fMRI,Monkey,,,
74,74.0,,"Monosov,Ilya E;Sheinberg,David L;Thompson,Kirk G;(2011)The effects of prefrontal cortex inactivation on object responses of single neurons in the inferotemporal cortex during visual search.",Search 2,Exclude,not fMRI,Monkey,,,
75,75.0,,"Roesch,Matthew R;Olson,Carl R;(2005)Neuronal activity dependent on anticipated and elapsed delay in macaque prefrontal cortex, frontal and supplementary eye fields, and premotor cortex.",Search 2,Exclude,not fMRI,Monkey,,,
76,76.0,,"Abibullaev,Berdakh;An,Jinung;(2012)Classification of frontal cortex haemodynamic responses during cognitive tasks using wavelet transforms and machine learning algorithms.",Search 2,Exclude,not fMRI,NIRS,,,
77,77.0,,"Xia,Yan;Turken,U;Whitfield-Gabrieli,Susan L;Gabrieli,John D;(2005)Knowledge-based classification of neuronal fibers in entire brain.",Search 2,Exclude,not fMRI,,,,
78,78.0,,"Kim,Chang-Eop;Kim,Yu Kyeong;Chung,Geehoon;Im,Hyung Jun;Lee,Dong Soo;Kim,Jun;Kim,Sang Jeong;(2014)Identifying neuropathic pain using (18)F-FDG micro-PET: a multivariate pattern analysis.",Search 2,Exclude,not fMRI,PET,,,
79,79.0,,"Vogels,Rufin;Sary,Gyula;Dupont,Patrick;Orban,Guy A;(2002)Human brain regions involved in visual categorization.",Search 2,Exclude,not fMRI,PET,,,
80,80.0,,"Puonti,Oula;Iglesias,Juan Eugenio;Van Leemput,Koen;(2013)Fast, sequence adaptive parcellation of brain MR using parametric models.",Search 2,Exclude,not fMRI,structural imaging,,,
81,81.0,,"Abe,Seiji;Takagi,Kenjiro;Yamamoto,Tatsuo;Okuhata,Yoshitaka;Kato,Toshinori;(2003)Assessment of cortical gyrus and sulcus formation using MR images in normal fetuses.",Search 2,Exclude,not fMRI,structural imaging,,,
82,82.0,,"Adriany,Gregor;Auerbach,Edward J;Snyder,Carl J;Gozubuyuk,Ark;Moeller,Steen;Ritter,Johannes;Van de Moortele,Pierre-Francois;Vaughan,Tommy;Ugurbil,Kamil;(2010)A 32-channel lattice transmission line array for parallel transmit and receive MRI at 7 tesla.",Search 2,Exclude,not fMRI,structural imaging,,,
83,83.0,,"Aubert-Broche,Berengere;Griffin,Mark;Pike,G Bruce;Evans,Alan C;Collins,D Louis;(2006)Twenty new digital brain phantoms for creation of validation image data bases.",Search 2,Exclude,not fMRI,structural imaging,,,
84,84.0,,"Duchesnay,Edouard;Cachia,Arnaud;Roche,Alexis;Riviere,Denis;Cointepas,Yann;Papadopoulos-Orfanos,Dimitri;Zilbovicius,Monica;Martinot,Jean-Luc;Regis,Jean;Mangin,Jean-Francois;(2007)Classification based on cortical folding patterns.",Search 2,Exclude,not fMRI,structural imaging,,,
85,85.0,,"Roldan-Valadez,Ernesto;Rios,Camilo;Suarez-May,Marcela A;Favila,Rafel;Aguilar-Castaneda,Erika;(2013)Main effect and interactions of brain regions and gender in the calculation of volumetric asymmetry indices in healthy human brains: ANCOVA analyses of in vivo 3T MRI data.",Search 2,Exclude,not fMRI,structural imaging,,,
86,86.0,,"de Vries,Meinou H;Barth,Andre C R;Maiworm,Sandra;Knecht,Stefan;Zwitserlood,Pienie;Floel,Agnes;(2010)Electrical stimulation of Broca's area enhances implicit learning of an artificial grammar.",Search 2,Exclude,not fMRI,tDCS,,,
87,87.0,,"Lages,Martin;Jaworska,Katarzyna;(2012)How Predictable are ""Spontaneous Decisions"" and ""Hidden Intentions""? Comparing Classification Results Based on Previous Responses with Multivariate Pattern Analysis of fMRI BOLD Signals.",Search 2,Exclude,not fMRI,behavioral,,,
88,88.0,,"Toepel,Ulrike;Knebel,Jean-Francois;Hudry,Julie;le Coutre,Johannes;Murray,Micah M;(2009)The brain tracks the energetic value in food images.",Search 2,Exclude,not fMRI,electrical neuroimagining,,,
89,89.0,,"Toepel,Ulrike;Ohla,Kathrin;Hudry,Julie;le Coutre,Johannes;Murray,Micah M;(2014)Verbal labels selectively bias brain responses to high-energy foods.",Search 2,Exclude,not fMRI,electrical neuroimagining,,,
90,90.0,,"Vogt,Brent A;Vogt,Leslie;Farber,Nuri B;Bush,George;(2005)Architecture and neurocytology of monkey cingulate gyrus.",Search 2,Exclude,not fMRI,Monkey,,,
91,91.0,,"Moghimi,Saba;Kushki,Azadeh;Power,Sarah;Guerguerian,Anne Marie;Chau,Tom;(2012)Automatic detection of a prefrontal cortical response to emotionally rated music using multi-channel near-infrared spectroscopy.",Search 2,Exclude,not fMRI,NIRS,,,
92,92.0,,"Thanh Hai,Nguyen;Cuong,Ngo Q;Dang Khoa,Truong Q;Van Toi,Vo;(2013)Temporal hemodynamic classification of two hands tapping using functional near-infrared spectroscopy.",Search 2,Exclude,not fMRI,NIRS,,,
93,93.0,,"Meda,Shashwath A;Gelernter,Joel;Gruen,Jeffrey R;Calhoun,Vince D;Meng,Haiying;Cope,Natalie A;Pearlson,Godfrey D;(2008)Polymorphism of DCDC2 Reveals Differences in Cortical Morphology of Healthy Individuals-A Preliminary Voxel Based Morphometry Study.",Search 2,Exclude,not fMRI,structural imaging,,,
94,94.0,,"Christophel, Thomas B Hebart, Martin N Haynes, John-Dylan (2012) Decoding the contents of visual short-term memory from human visual and parietal cortex. J",Search 2,Exclude,multivariate: frontal rois or searchlights,,stimuli identity_,,
95,95.0,,"Pantazatos,Spiro P;Talati,Ardesheer;Pavlidis,Paul;Hirsch,Joy;(2012)Cortical functional connectivity decodes subconscious, task-irrelevant threat-related emotion processing.",Search 2,Exclude,multivariate: frontal rois or searchlights,classified on functional connectivity,,,
96,96.0,,"Kaplan,Jonas T;Meyer,Kaspar;(2012)Multivariate pattern analysis reveals common neural patterns across individuals during touch observation.",Search 2,Exclude,multivariate: frontal rois or searchlights,between subjects,,,
97,97.0,,"McGettigan,Carolyn;Evans,Samuel;Rosen,Stuart;Agnew,Zarinah K;Shah,Poonam;Scott,Sophie K;(2012)An application of univariate and multivariate approaches in FMRI to quantifying the hemispheric lateralization of acoustic and linguistic processes.",Search 2,Exclude,multivariate: frontal rois or searchlights,,speech processing,,
98,98.0,,"Esterman, Michael Chiu, Yu-Chin Tamber-Rosenau, Benjamin J Yantis, Steven (2009). Decoding cognitive control in human parietal cortex.",Search 2,Exclude,multivariate: frontal rois or searchlights,,,,
99,99.0,,"Linden, David E J Oosterhof, Nikolaas N Klein, Christoph Downing, Paul E (2012). Mapping brain activation and information during category-specific visual working memory.",Search 2,Exclude,multivariate: frontal rois or searchlights,,,,
100,100.0,,"Alink,Arjen;Euler,Felix;Kriegeskorte,Nikolaus;Singer,Wolf;Kohler,Axel;(2012)Auditory motion direction encoding in auditory cortex and high-level visual cortex.",Search 2,Exclude,multivariate: frontal rois or searchlights,,,,
101,101.0,,"Beauchamp,Michael S;Laconte,Stephen;Yasar,Nafi;(2009)Distributed representation of single touches in somatosensory and visual cortex.",Search 2,Exclude,multivariate: frontal rois or searchlights,,,,
102,102.0,,"Blair,Kristen P;Rosenberg-Lee,Miriam;Tsang,Jessica M;Schwartz,Daniel L;Menon,Vinod;(2012)Beyond natural numbers: negative number representation in parietal cortex.",Search 2,Exclude,multivariate: frontal rois or searchlights,,,,
103,103.0,,"Bonnici,Heidi M;Chadwick,Martin J;Lutti,Antoine;Hassabis,Demis;Weiskopf,Nikolaus;Maguire,Eleanor A;(2012)Detecting representations of recent and remote autobiographical memories in vmPFC and hippocampus.",Search 2,Exclude,multivariate: frontal rois or searchlights,,,,
104,104.0,,"Buchsbaum,Bradley R;Lemire-Rodger,Sabrina;Fang,Candice;Abdi,Herve;(2012)The neural basis of vivid memory is patterned on perception.",Search 2,Exclude,multivariate: frontal rois or searchlights,,,,
105,105.0,,"Chiu,Yu-Chin;Esterman,Michael S;Gmeindl,Leon;Yantis,Steven;(2012)Tracking cognitive fluctuations with multivoxel pattern time course (MVPTC) analysis.",Search 2,Exclude,multivariate: frontal rois or searchlights,,,,
106,106.0,,"Christophel,Thomas B;Haynes,John-Dylan;(2014)Decoding complex flow-field patterns in visual working memory.",Search 2,Exclude,multivariate: frontal rois or searchlights,,,,
107,107.0,,"Cohen,Ori;Koppel,Moshe;Malach,Rafael;Friedman,Doron;(2014)Controlling an avatar by thought using real-time fMRI.",Search 2,Exclude,multivariate: frontal rois or searchlights,,,,
108,108.0,,"Downing,Paul E;Wiggett,Alison J;Peelen,Marius V;(2007)Functional magnetic resonance imaging investigation of overlapping lateral occipitotemporal activations using multi-voxel pattern analysis.",Search 2,Exclude,multivariate: frontal rois or searchlights,,,,
109,109.0,,"Jacobs,Richard H A H;Baumgartner,Elisabeth;Gegenfurtner,Karl R;(2014)The representation of material categories in the brain.",Search 2,Exclude,multivariate: frontal rois or searchlights,,,,
110,110.0,,"Kim,Eunwoo;Kim,Dae-Shik;Ahmad,Fayyaz;Park,Hyunwook;(2013)Pattern-based Granger causality mapping in FMRI.",Search 2,Exclude,multivariate: frontal rois or searchlights,,,,
111,111.0,,"Kuhl,Brice A;Rissman,Jesse;Chun,Marvin M;Wagner,Anthony D;(2011)Fidelity of neural reactivation reveals competition between memories.",Search 2,Exclude,multivariate: frontal rois or searchlights,,,,
112,112.0,,"Lee,Tatia M C;Leung,Mei-Kei;Lee,Tiffany M Y;Raine,Adrian;Chan,Chetwyn C H;(2013)I want to lie about not knowing you, but my precuneus refuses to cooperate.",Search 2,Exclude,multivariate: frontal rois or searchlights,,,,
113,113.0,,"Marquand,Andre;Howard,Matthew;Brammer,Michael;Chu,Carlton;Coen,Steven;Mourao-Miranda,Janaina;(2010)Quantitative prediction of subjective pain intensity from whole-brain fMRI data using Gaussian processes.",Search 2,Exclude,multivariate: frontal rois or searchlights,,,,
114,114.0,,"Mourao-Miranda,Janaina;Reynaud,Emanuelle;McGlone,Francis;Calvert,Gemma;Brammer,Michael;(2006)The impact of temporal compression and space selection on SVM analysis of single-subject and multi-subject fMRI data.",Search 2,Exclude,multivariate: frontal rois or searchlights,,,,
115,115.0,,"Nawa,Norberto Eiji;Ando,Hiroshi;(2014)Classification of self-driven mental tasks from whole-brain activity patterns.",Search 2,Exclude,multivariate: frontal rois or searchlights,,,,
116,116.0,,"Niazi,Adnan M;van den Broek,Philip L C;Klanke,Stefan;Barth,Markus;Poel,Mannes;Desain,Peter;van Gerven,Marcel A J;(2014)Online decoding of object-based attention using real-time fMRI.",Search 2,Exclude,multivariate: frontal rois or searchlights,,,,
117,117.0,,"Oztekin,Ilke;Badre,David;(2011)Distributed Patterns of Brain Activity that Lead to Forgetting.",Search 2,Exclude,multivariate: frontal rois or searchlights,,,,
118,118.0,,"Park,Soojin;Konkle,Talia;Oliva,Aude;(2014)Parametric Coding of the Size and Clutter of Natural Scenes in the Human Brain.",Search 2,Exclude,multivariate: frontal rois or searchlights,,,,
119,119.0,,"Ponseti,Jorge;Granert,Oliver;Jansen,Olav;Wolff,Stephan;Mehdorn,Hubertus;Bosinski,Hartmut;Siebner,Hartwig;(2009)Assessment of sexual orientation using the hemodynamic brain response to visual sexual stimuli.",Search 2,Exclude,multivariate: frontal rois or searchlights,,,,
120,120.0,,"Pyka,Martin;Hahn,Tim;Heider,Dominik;Krug,Axel;Sommer,Jens;Kircher,Tilo;Jansen,Andreas;(2013)Baseline activity predicts working memory load of preceding task condition.",Search 2,Exclude,multivariate: frontal rois or searchlights,,,,
121,121.0,,"Said,Christopher P;Moore,Christopher D;Norman,Kenneth A;Haxby,James V;Todorov,Alexander;(2010)Graded representations of emotional expressions in the left superior temporal sulcus.",Search 2,Exclude,multivariate: frontal rois or searchlights,,,,
122,122.0,,"Shinkareva,Svetlana V;Wang,Jing;Kim,Jongwan;Facciani,Matthew J;Baucom,Laura B;Wedell,Douglas H;(2014)Representations of modality-specific affective processing for visual and auditory stimuli derived from functional magnetic resonance imaging data.",Search 2,Exclude,multivariate: frontal rois or searchlights,,,,
123,123.0,,"Wang,Jiongjiong;Korczykowski,Marc;Rao,Hengyi;Fan,Yong;Pluta,John;Gur,Ruben C;McEwen,Bruce S;Detre,John A;(2007)Gender difference in neural response to psychological stress.",Search 2,Exclude,multivariate: frontal rois or searchlights,,,,
124,124.0,,"Papageorgiou,T Dorina;Lisinski,Jonathan M;McHenry,Monica A;White,Jason P;LaConte,Stephen M;(2013)Brain-computer interfaces increase whole-brain signal to noise.",Search 2,Exclude,multivariate: frontal rois or searchlights,,,,
125,125.0,,"Grosenick,Logan;Greer,Stephanie;Knutson,Brian;(2008)Interpretable classifiers for FMRI improve prediction of purchases.",Search 2,Exclude,multivariate: frontal rois or searchlights,combined ROIês,,,
126,126.0,,"Polyn, Sean M Natu, Vaidehi S Cohen, Jonathan D Norman, Kenneth a (2005). Category-specific cortical activity precedes retrieval during memory search.",Search 2,Exclude,multivariate: frontal rois or searchlights,"Not specific frontal ROIês, back projected importance",,,
127,127.0,,"Harrison,Stephenie A;Tong,Frank;(2009)Decoding reveals the contents of visual working memory in early visual areas.",Search 2,Exclude,multivariate: frontal rois or searchlights,"Paper Search ""Frontal"" ""PFC""",,,
128,128.0,,"Kuhl,Brice A;Bainbridge,Wilma A;Chun,Marvin M;(2012)Neural reactivation reveals mechanisms for updating memory.",Search 2,Exclude,multivariate: frontal rois or searchlights,"Paper Search ""Frontal"" ""PFC""",,,
129,129.0,,"Carter,R McKell;Bowling,Daniel L;Reeck,Crystal;Huettel,Scott A;(2012)A distinct role of the temporal-parietal junction in predicting socially guided decisions.",Search 2,Exclude,multivariate: frontal rois or searchlights,whole brain_,,,
130,130.0,,"Baucom,Laura B;Wedell,Douglas H;Wang,Jing;Blitzer,David N;Shinkareva,Svetlana V;(2012)Decoding the neural representation of affective states.",Search 2,Exclude,multivariate: frontal rois or searchlights,"Not specific frontal ROIês, back projected importance",,,
131,131.0,,"Ryali,Srikanth;Supekar,Kaustubh;Abrams,Daniel A;Menon,Vinod;(2010)Sparse logistic regression for whole-brain classification of fMRI data.",Search 2,Exclude,multivariate: frontal rois or searchlights,"Not specific frontal ROIês, back projected importance",,,
132,132.0,,"Jenkins,Lucas J;Ranganath,Charan;(2010)Prefrontal and medial temporal lobe activity at encoding predicts temporal context memory.",NOT IN Search 2,Exclude,multivariate: frontal rois or searchlights,across region prediction,temporal context for memory,,
133,133.0,,"Jarrod A. Lewis-Peacock, Andrew T. Drysdale, and Bradley R. Postlel; (2014) Neural Evidence for the Flexible Control of Mental Representations_",NOT IN Search 2,Exclude,multivariate: frontal rois or searchlights,"Not specific frontal ROIês, back projected importance",,,
134,134.0,,"Pantazatos,Spiro P;Talati,Ardesheer;Pavlidis,Paul;Hirsch,Joy;(2012)Decoding unattended fearful faces with whole-brain correlations: an approach to identify condition-dependent large-scale functional connectivity.",Search 2,Exclude,multivariate: frontal rois or searchlights,functional connectivity,,,
135,135.0,,"Sitaram,Ranganatha;Lee,Sangkyun;Ruiz,Sergio;Rana,Mohit;Veit,Ralf;Birbaumer,Niels;(2011)Real-time support vector classification and feedback of multiple emotional brain states.",Search 2,Exclude,multivariate: frontal rois or searchlights,between subjects,emotional states,,
136,136.0,,"Ward,Emily J;Chun,Marvin M;Kuhl,Brice A;(2013)Repetition suppression and multi-voxel pattern similarity differentially track implicit and explicit visual memory.",Search 2,Exclude,multivariate: frontal rois or searchlights,pattern similarity in frontal not predictive like repetition supression,,,
137,137.0,,"Shirer,W R;Ryali,S;Rykhlevskaia,E;Menon,V;Greicius,M D;(2012)Decoding subject-driven cognitive states with whole-brain connectivity patterns.",Search 2,Exclude,multivariate: frontal rois or searchlights,classified on functional connectivity,,,
138,138.0,,"Gotts,Stephen J;Milleville,Shawn C;Bellgowan,Patrick S F;Martin,Alex;(2011)Broad and narrow conceptual tuning in the human frontal lobes.",Search 2,Exclude,multivariate; accuracy not used,,,,
139,139.0,,"Ritchey,Maureen;Wing,Erik A;LaBar,Kevin S;Cabeza,Roberto;(2013)Neural similarity between encoding and retrieval is related to memory via hippocampal interactions.",Search 2,Exclude,multivariate; accuracy not used,"correlation, continuous predictor",,,
140,140.0,,"Xue,Gui;Dong,Qi;Chen,Chuansheng;Lu,Zhonglin;Mumford,Jeanette A;Poldrack,Russell A;(2010)Greater neural pattern similarity across repetitions is associated with better memory.",Search 2,Exclude,multivariate; accuracy not used,Correlation,,,
141,141.0,,"Corradi-Dell'Acqua,Corrado;Hofstetter,Christoph;Vuilleumier,Patrik;(2011)Felt and seen pain evoke the same local patterns of cortical activity in insular and cingulate cortex.",Search 2,Exclude,multivariate; accuracy not used,,,,
142,142.0,,"Visser,Renee M;Scholte,H Steven;Kindt,Merel;(2011)Associative learning increases trial-by-trial similarity of BOLD-MRI patterns.",Search 2,Exclude,multivariate; accuracy not used,,,,
143,143.0,,"Koten,Jan Willem;Lonnemann,Jan;Willmes,Klaus;Knops,Andre;(2011)Micro and macro pattern analyses of FMRI data support both early and late interaction of numerical and spatial information.",Search 2,Exclude,multivariate; accuracy not used,,number/space integration,,
144,144.0,,"Hassabis,Demis;Spreng,R Nathan;Rusu,Andrei A;Robbins,Clifford A;Mar,Raymond A;Schacter,Daniel L;(2013)Imagine All the People: How the Brain Creates and Uses Personality Models to Predict Behavior.",Search 2,Exclude,multivariate; accuracy not used,,,,
145,145.0,,"Rissman, Jesse Greely, Henry T Wagner, Anthony D (2010) Detecting individual memories through the neural decoding of memory states and past experience.",Search 2,Exclude,multivariate; accuracy not used,AUC,,,
146,146.0,,"Harel,Assaf;Kravitz,Dwight J;Baker,Chris I;(2014)Task context impacts visual object processing differentially across the cortex.",Search 2,Exclude,multivariate; accuracy not used,correlation,,,
147,147.0,,"Jimura, Koji; Poldrack, Russell a (2011) Analyses of regional-average activation and multivoxel pattern information tell complementary stories.",Search 2,Exclude,multivariate; accuracy not used,"correlation, continuous predictor",,,
148,148.0,,"Peelen,Marius V;Atkinson,Anthony P;Vuilleumier,Patrik;(2010)Supramodal representations of perceived emotions in the human brain.",Search 2,Exclude,multivariate; accuracy not used,Correlation,,,
149,149.0,,"Kuhn,Simone;Bodammer,Nils Christian;Brass,Marcel;(2010)Dissociating mental states related to doing nothing by means of fMRI pattern classification.",Search 2,Exclude,multivariate; accuracy not used,search light,inaction vs voluntary inaction,,
150,150.0,,"Lee,Yune-Sang;Turkeltaub,Peter;Granger,Richard;Raizada,Rajeev D S;(2012)Categorical speech processing in Broca's area: an fMRI study using multivariate pattern-based analysis.",Search 2,Exclude,multivariate; accuracy not used,search light,speech processing,,
151,151.0,,"Sawahata,Yasuhito;Komine,Kazuteru;Morita,Toshiya;Hiruma,Nobuyuki;(2013)Decoding humor experiences from brain activity of people viewing comedy movies.",Search 2,Exclude,multivariate; accuracy not used,AUC,,,
152,152.0,,"Bahlmann,Jorg;Korb,Franziska M;Gratton,Caterina;Friederici,Angela D;(2012)Levels of integration in cognitive control and sequence processing in the prefrontal cortex.",Search 2,Exclude,multivariate; accuracy not used,constructed voxel tuning curves,,,
153,153.0,,"Fairhall,Scott L;Caramazza,Alfonso;(2013)Brain regions that represent amodal conceptual knowledge.",Search 2,Exclude,multivariate; accuracy not used,RSA,,,
154,154.0,,"Kahnt,Thorsten;Heinzle,Jakob;Park,Soyoung Q;Haynes,John-Dylan;(2011)Decoding different roles for vmPFC and dlPFC in multi-attribute decision making.",Search 2,Exclude,multivariate; accuracy not used,z-scores from correlation coefficient._,,,
155,155.0,,"FitzGerald,Thomas H B;Friston,Karl J;Dolan,Raymond J;(2012)Action-specific value signals in reward-related regions of the human brain.",Search 2,Exclude,multivariate; accuracy not used,p-values,,,
156,156.0,,"Peelen,Marius V;Caramazza,Alfonso;(2012)Conceptual object representations in human anterior temporal cortex.",Search 2,Exclude,multivariate; accuracy not used,correlation matrix,,,
157,157.0,,"Hebart,Martin N;Donner,Tobias H;Haynes,John-Dylan;(2012)Human visual and parietal cortex encode visual choices independent of motor plans.",Search 2,Exclude,multivariate; accuracy not used,coordinates of significant search light,,,
158,158.0,,"Cohen,Jessica R;Sreenivasan,Kartik K;D'Esposito,Mark;(2014)Correspondence between stimulus encoding- and maintenance-related neural processes underlies successful working memory.",NOT IN Search 2,Exclude,multivariate; accuracy not used,RSA,,,
159,159.0,,"Corradi-Dell'acqua,Corrado;Hofstetter,Christoph;Vuilleumier,Patrik;(2013)Cognitive and affective theory of mind share the same local patterns of activity in posterior temporal but not medial prefrontal cortex.",Search 2,Exclude,multivariate; accuracy not used,z-scores from correlation coefficient._,,,
160,160.0,,"Zheng,Zane Z;Vicente-Grabovetsky,Alejandro;MacDonald,Ewen N;Munhall,Kevin G;Cusack,Rhodri;Johnsrude,Ingrid S;(2013)Multivoxel patterns reveal functionally differentiated networks underlying auditory feedback processing of speech.",Search 2,Exclude,multivariate; accuracy not used,?,,,
161,161.0,29,Sam J. Gilbert (2011). Decoding the Content of Delayed Intentions,Search 2,Exclude,multivariate; accuracy not used,,intention,,
162,162.0,17,"Li, Sheng Mayhew, Stephen D Kourtzi, Zoe (2009) Learning shapes the representation of behavioral choice in the human brain.",Search 2,Exclude,multivariate; accuracy not used,,task identity,,
163,163.0,19,"McNamee, Daniel Rangel, Antonio O'Doherty, John P (2013) Category-dependent and category-independent goal- value codes in human ventromedial prefrontal cortex",Search 2,Exclude,multivariate; accuracy not used,,value,,
164,164.0,27,"Momennejad,Ida;Haynes,John-Dylan;(2012)Human anterior prefrontal cortex encodes the 'what' and 'when' of future intentions.",Search 2,Exclude,multivariate; accuracy not used,t-values,intention,,
165,165.0,,"Wang,Megan;Arteaga,Daniel;He,Biyu J;(2013)Brain mechanisms for simple perception and bistable perception.",Search 2,Exclude,multivariate; accuracy not used,t-values,,,
166,166.0,14,"Kahnt, Thorsten Heinzle, Jakob Park, Soyoung Q Haynes, John-Dylan (2010) The neural code of reward anticipation in human orbitofrontal cortex.",Search 2,Exclude,multivariate; accuracy not used,AUC,value,,
167,167.0,15,"Kahnt, Thorsten Heinzle, Jakob Park, Soyoung Q Haynes, John-Dylan (2011) Decoding the Formation of Reward Predictions across Learning",Search 2,Exclude,multivariate; accuracy not used,AUC,value,,
168,168.0,38,"Todd, Michael T Nystrom, Leigh E Cohen, Jonathan D (2013). Confounds in multivariate pattern analysis: Theory and rule representation case study.",Search 2,Exclude,multivariate; accuracy not used,,S-R Rule,,
169,169.0,45,"Simanova,Irina;Hagoort,Peter;Oostenveld,Robert;van Gerven,Marcel A J;(2014)Modality-independent decoding of semantic information from the human brain.",Search 2,Exclude,multivariate; accuracy not used,,stimuli identity_,,
170,170.0,34,"Nee,Derek Evan;Brown,Joshua W;(2012)Rostral-caudal gradients of abstraction revealed by multi-variate pattern analysis of working memory.",Search 2,Exclude,multivariate; accuracy not used,just z-score.,S-R Rule,,
171,171.0,,"Evans,S;Kyong,J S;Rosen,S;Golestani,N;Warren,J E;McGettigan,C;Mourao-Miranda,J;Wise,R J S;Scott,S K;(2013)The Pathways for Intelligible Speech: Multivariate and Univariate Perspectives.",Search 2,Exclude,multivariate; accuracy not used,coordinates of significant search light,,,
172,172.0,,"Hauser,Maximilian F A;Hofmann,Juliane;Opitz,Bertram;(2012)Rule and similarity in grammar: their interplay and individual differences in the brain.",Search 2,Exclude,Univariate,,,,
173,173.0,,"Herve,Pierre-Yves;Razafimandimby,Annick;Vigneau,Mathieu;Mazoyer,Bernard;Tzourio-Mazoyer,Nathalie;(2012)Disentangling the brain networks supporting affective speech comprehension.",Search 2,Exclude,Univariate,,,,
174,174.0,,"Horner,Aidan J;Henson,Richard N;(2012)Incongruent abstract stimulus-response bindings result in response interference: FMRI and EEG evidence from visual object classification priming.",Search 2,Exclude,Univariate,,,,
175,175.0,,"Hosseini,S M Hadi;Kesler,Shelli R;(2014)Multivariate pattern analysis of FMRI in breast cancer survivors and healthy women.",Search 2,Exclude,clinical,,,,
176,176.0,,"Hund-Georgiadis,M;Lex,U;von Cramon,D Y;(2001)Language dominance assessment by means of fMRI: contributions from task design, performance, and stimulus modality.",Search 2,Exclude,Univariate,,,,
177,177.0,,"Koutstaal,W;Wagner,A D;Rotte,M;Maril,A;Buckner,R L;Schacter,D L;(2001)Perceptual specificity in visual object priming: functional magnetic resonance imaging evidence for a laterality difference in fusiform cortex.",Search 2,Exclude,Univariate,,,,
178,178.0,,"Lindenberg,Robert;Uhlig,Marie;Scherfeld,Dag;Schlaug,Gottfried;Seitz,Ruediger J;(2012)Communication with emblematic gestures: shared and distinct neural correlates of expression and reception.",Search 2,Exclude,Univariate,,,,
179,179.0,,"Little,Deborah M;Shin,Silvia S;Sisco,Shannon M;Thulborn,Keith R;(2006)Event-related fMRI of category learning: differences in classification and feedback networks.",Search 2,Exclude,Univariate,,,,
180,180.0,,"Little,Deborah M;Thulborn,Keith R;(2006)Prototype-distortion category learning: a two-phase learning process across a distributed network.",Search 2,Exclude,Univariate,,,,
181,181.0,,"Liu,Jiangang;Li,Jun;Feng,Lu;Li,Ling;Tian,Jie;Lee,Kang;(2014)Seeing Jesus in toast: neural and behavioral correlates of face pareidolia.",Search 2,Exclude,Univariate,,,,
182,182.0,,"Merrill,Julia;Sammler,Daniela;Bangert,Marc;Goldhahn,Dirk;Lohmann,Gabriele;Turner,Robert;Friederici,Angela D;(2012)Perception of words and pitch patterns in song and speech.",Search 2,Exclude,Univariate,,,,
183,183.0,,"Milton,Fraser;Wills,Andy J;Hodgson,Timothy L;(2009)The neural basis of overall similarity and single-dimension sorting.",Search 2,Exclude,Univariate,,,,
184,184.0,,"Mitchell,Rachel L C;(2006)How does the brain mediate interpretation of incongruent auditory emotions? The neural response to prosody in the presence of conflicting lexico-semantic cues.",Search 2,Exclude,Univariate,,,,
185,185.0,,"Mitchell,Rachel L C;(2007)fMRI delineation of working memory for emotional prosody in the brain: commonalities with the lexico-semantic emotion network.",Search 2,Exclude,Univariate,,,,
186,186.0,,"Moor,Bregtje Gunther;Macks,Zdena A Op de;Guroglu,Berna;Rombouts,Serge A R B;Molen,Maurits W Van der;Crone,Eveline A;(2012)Neurodevelopmental changes of reading the mind in the eyes.",Search 2,Exclude,Univariate,,,,
187,187.0,,"Obleser,Jonas;Kotz,Sonja A;(2010)Expectancy constraints in degraded speech modulate the language comprehension network.",Search 2,Exclude,Univariate,,,,
188,188.0,,"Olbrich,Sebastian;Mulert,Christoph;Karch,Susanne;Trenner,Maja;Leicht,Gregor;Pogarell,Oliver;Hegerl,Ulrich;(2009)EEG-vigilance and BOLD effect during simultaneous EEG/fMRI measurement.",Search 2,Exclude,Univariate,,,,
189,189.0,,"Ortigue,Stephanie;Thompson,James C;Parasuraman,Raja;Grafton,Scott T;(2009)Spatio-temporal dynamics of human intention understanding in temporo-parietal cortex: a combined EEG/fMRI repetition suppression paradigm.",Search 2,Exclude,Univariate,,,,
190,190.0,,"Piazza,Manuela;Giacomini,Eric;Le Bihan,Denis;Dehaene,Stanislas;(2003)Single-trial classification of parallel pre-attentive and serial attentive processes using functional magnetic resonance imaging.",Search 2,Exclude,Univariate,,,,
191,191.0,,"Provost,Jean-Sebastien;Petrides,Michael;Simard,France;Monchi,Oury;(2012)Investigating the long-lasting residual effect of a set shift on frontostriatal activity.",Search 2,Exclude,Univariate,,,,
192,192.0,,"Race,Elizabeth A;Shanker,Shanti;Wagner,Anthony D;(2009)Neural priming in human frontal cortex: multiple forms of learning reduce demands on the prefrontal executive system.",Search 2,Exclude,Univariate,,,,
193,193.0,,"Sachs,Olga;Weis,Susanne;Krings,Timo;Huber,Walter;Kircher,Tilo;(2008)Categorical and thematic knowledge representation in the brain: neural correlates of taxonomic and thematic conceptual relations.",Search 2,Exclude,Univariate,,,,
194,194.0,,"Sachs,Olga;Weis,Susanne;Zellagui,Nadia;Sass,Katharina;Huber,Walter;Zvyagintsev,Mikhail;Mathiak,Klaus;Kircher,Tilo;(2011)How different types of conceptual relations modulate brain activation during semantic priming.",Search 2,Exclude,Univariate,,,,
195,195.0,,"Seger,Carol A;Cincotta,Corinna M;(2002)Striatal activity in concept learning.",Search 2,Exclude,Univariate,,,,
196,196.0,,"Seger,Carol A;Cincotta,Corinna M;(2005)The roles of the caudate nucleus in human classification learning.",Search 2,Exclude,Univariate,,,,
197,197.0,,"Simard,France;Joanette,Yves;Petrides,Michael;Jubault,Thomas;Madjar,Cecile;Monchi,Oury;(2011)Fronto-striatal contribution to lexical set-shifting.",Search 2,Exclude,Univariate,,,,
198,198.0,,"Tremblay,Pascale;Small,Steven L;(2011)From language comprehension to action understanding and back again.",Search 2,Exclude,Univariate,,,,
199,199.0,,"Udden,Julia;Folia,Vasiliki;Forkstam,Christian;Ingvar,Martin;Fernandez,Guillen;Overeem,Sebastiaan;van Elswijk,Gijs;Hagoort,Peter;Petersson,Karl Magnus;(2008)The inferior frontal cortex in artificial syntax processing: an rTMS study.",Search 2,Exclude,not fMRI,,,,
200,200.0,,"van Kuyck,Kris;Gerard,Nathalie;Van Laere,Koen;Casteels,Cindy;Pieters,Guido;Gabriels,Loes;Nuttin,Bart;(2009)Towards a neurocircuitry in anorexia nervosa: evidence from functional neuroimaging studies.",Search 2,Exclude,clinical,,,,
201,201.0,,"Wetherill,Reagan R;Castro,Norma;Squeglia,Lindsay M;Tapert,Susan F;(2013)Atypical neural activity during inhibitory processing in substance-naive youth who later experience alcohol-induced blackouts.",Search 2,Exclude,clinical,,,,
202,202.0,,"Wiebking,Christine;Northoff,Georg;(2013)Neuroimaging in pedophilia.",Search 2,Exclude,clinical,,,,
203,203.0,,"Wig,Gagan S;Grafton,Scott T;Demos,Kathryn E;Kelley,William M;(2005)Reductions in neural activity underlie behavioral components of repetition priming.",Search 2,Exclude,Univariate,,,,
204,204.0,,"Adams,Reginald B;Janata,Petr;(2002)A comparison of neural circuits underlying auditory and visual object categorization.",Search 2,Exclude,Univariate,,,,
205,205.0,,"Anderson,Andrew J;Murphy,Brian;Poesio,Massimo;(2014)Discriminating taxonomic categories and domains in mental simulations of concepts of varying concreteness.",Search 2,Exclude,Univariate,,,,
206,206.0,,"Aparicio,Mario;Demont,Elisabeth;Gounot,Daniel;Metz-Lutz,Marie-Noelle;(2009)Is there an alternative cerebral network associated with enhanced phonological processing in deaf speech-users? An exceptional case.",Search 2,Exclude,clinical,,,,
207,207.0,,"Aron,A R;Shohamy,D;Clark,J;Myers,C;Gluck,M A;Poldrack,R A;(2004)Human midbrain sensitivity to cognitive feedback and uncertainty during classification learning.",Search 2,Exclude,Univariate,,,,
208,208.0,,"Azim,Eiman;Mobbs,Dean;Jo,Booil;Menon,Vinod;Reiss,Allan L;(2005)Sex differences in brain activation elicited by humor.",Search 2,Exclude,Univariate,,,,
209,209.0,,"Beaucousin,Virginie;Lacheret,Anne;Turbelin,Marie-Renee;Morel,Michel;Mazoyer,Bernard;Tzourio-Mazoyer,Nathalie;(2007)FMRI study of emotional speech comprehension.",Search 2,Exclude,Univariate,,,,
210,210.0,,"Beaucousin,Virginie;Zago,Laure;Herve,Pierre-Yves;Strelnikov,Kuzma;Crivello,Fabrice;Mazoyer,Bernard;Tzourio-Mazoyer,Nathalie;(2011)Sex-dependent modulation of activity in the neural networks engaged during emotional speech comprehension.",Search 2,Exclude,Univariate,,,,
211,211.0,,"Benjamin,Christopher F A;Gaab,Nadine;(2012)What's the story? The tale of reading fluency told at speed.",Search 2,Exclude,Univariate,,,,
212,212.0,,"Bitan,Tali;Manor,David;Morocz,Istvan A;Karni,Avi;(2005)Effects of alphabeticality, practice and type of instruction on reading an artificial script: an fMRI study.",Search 2,Exclude,Univariate,,,,
213,213.0,,"Booth,James R;Burman,Douglas D;Meyer,Joel R;Gitelman,Darren R;Parrish,Todd B;Mesulam,M Marsel;(2002)Modality independence of word comprehension.",Search 2,Exclude,Univariate,,,,
214,214.0,,"Borowsky,Ron;Cummine,Jacqueline;Owen,William J;Friesen,Chris Kelland;Shih,Francis;Sarty,Gordon E;(2006)FMRI of ventral and dorsal processing streams in basic reading processes: insular sensitivity to phonology.",Search 2,Exclude,Univariate,,,,
215,215.0,,"Brattico,Elvira;Alluri,Vinoo;Bogert,Brigitte;Jacobsen,Thomas;Vartiainen,Nuutti;Nieminen,Sirke;Tervaniemi,Mari;(2011)A Functional MRI Study of Happy and Sad Emotions in Music with and without Lyrics.",Search 2,Exclude,Univariate,,,,
216,216.0,,"Braver,Todd S;Bongiolatti,Susan R;(2002)The role of frontopolar cortex in subgoal processing during working memory.",Search 2,Exclude,Univariate,,,,
217,217.0,,"Bruck,Carolin;Kreifelts,Benjamin;Goling-Arnold,Christina;Wertheimer,Jurgen;Wildgruber,Dirk;(2014)'Inner voices': the cerebral representation of emotional voice cues described in literary texts.",Search 2,Exclude,Univariate,,,,
218,218.0,,"Bruck,Carolin;Kreifelts,Benjamin;Kaza,Evangelia;Lotze,Martin;Wildgruber,Dirk;(2011)Impact of personality on the cerebral processing of emotional prosody.",Search 2,Exclude,Univariate,,,,
219,219.0,,"Chouinard,Philippe A;Goodale,Melvyn A;(2012)FMRI-adaptation to highly-rendered color photographs of animals and manipulable artifacts during a classification task.",Search 2,Exclude,Univariate,,,,
220,220.0,,"Clos,Mareike;Langner,Robert;Meyer,Martin;Oechslin,Mathias S;Zilles,Karl;Eickhoff,Simon B;(2014)Effects of prior information on decoding degraded speech: an fMRI study.",Search 2,Exclude,Univariate,,,,
221,221.0,,"Cummine,Jacqueline;Borowsky,Ron;Vakorin,Vasily;Bird,Jeff;Sarty,Gordon;(2008)The relationship between naming reaction time and functional MRI parameters in Broca's area.",Search 2,Exclude,Univariate,,,,
222,222.0,,"Dietz,Nicole A E;Jones,Karen M;Gareau,Lynn;Zeffiro,Thomas A;Eden,Guinevere F;(2005)Phonological decoding involves left posterior fusiform gyrus.",Search 2,Exclude,Univariate,,,,
223,223.0,,"Engel,Annerose;Keller,Peter E;(2011)The perception of musical spontaneity in improvised and imitated jazz performances.",Search 2,Exclude,Univariate,,,,
224,224.0,,"Ethofer,Thomas;Kreifelts,Benjamin;Wiethoff,Sarah;Wolf,Jonathan;Grodd,Wolfgang;Vuilleumier,Patrik;Wildgruber,Dirk;(2009)Differential influences of emotion, task, and novelty on brain regions underlying the processing of speech melody.",Search 2,Exclude,Univariate,,,,
225,225.0,,"Fokin,V A;Shelepin,Iu E;Kharauzov,A K;Trufanov,G E;Sevost'ianov,A V;Pronin,S V;Koskin,S A;(2007)[Localization of human brain areas activated for chaotic and ordered pattern perception].",Search 2,Exclude,Univariate,,,,
226,226.0,,"Folia,Vasiliki;Petersson,Karl Magnus;(2014)Implicit structured sequence learning: an fMRI study of the structural mere-exposure effect.",Search 2,Exclude,Univariate,,,,
227,227.0,,"Forkstam,Christian;Hagoort,Peter;Fernandez,Guillen;Ingvar,Martin;Petersson,Karl Magnus;(2006)Neural correlates of artificial syntactic structure classification.",Search 2,Exclude,Univariate,,,,
228,228.0,,"Fossati,Philippe;Hevenor,Stephanie J;Graham,Simon J;Grady,Cheryl;Keightley,Michelle L;Craik,Fergus;Mayberg,Helen;(2003)In search of the emotional self: an fMRI study using positive and negative emotional words.",Search 2,Exclude,Univariate,,,,
229,229.0,,"Fruhholz,Sascha;Grandjean,Didier;(2013)Processing of emotional vocalizations in bilateral inferior frontal cortex.",Search 2,Exclude,Univariate,,,,
230,230.0,33%?,"Raabe,Markus;Fischer,Volker;Bernhardt,Daniela;Greenlee,Mark W;(2013)Neural correlates of spatial working memory load in a delayed match-to-sample saccade task.",Search 2,Exclude,Add,?,,,
231,231.0,33%?,"Rodriguez,Paul F;(2010)Neural decoding of goal locations in spatial navigation in humans with fMRI.",Search 2,Exclude,Check,,,,
232,232.0,33%?,"Kotz,Sonja A;Kalberlah,Christian;Bahlmann,Jorg;Friederici,Angela D;Haynes,John-D;(2013)Predicting vocal emotion expressions from the human brain.",Search 2,Exclude,Add,Chance not 50%. 20,vocal emotion,,
233,233.0,33%?,"Smith,Fraser W;Goodale,Melvyn A;(2014)Decoding Visual Object Categories in Early Somatosensory Cortex.",Search 2,Exclude,Add,,,,
234,234.0,33%?,"Oosterhof,Nikolaas N;Wiggett,Alison J;Diedrichsen,Jorn;Tipper,Steven P;Downing,Paul E;(2010)Surface-based information mapping reveals crossmodal vision-action representations in human parietal and occipitotemporal cortex.",Search 2,Exclude,Add,single searchlight cluster,,,
235,235.0,33%?,"Shen,Guohua;Zhang,Jing;Wang,Mengxing;Lei,Du;Yang,Guang;Zhang,Shanmin;Du,Xiaoxia;(2014)Decoding the individual finger movements from single-trial functional magnetic resonance imaging recordings of human brain activity.",Search 2,Exclude,Check,SMA,,,
236,236.0,,"Anderson,John R;Lee,Hee Seung;Fincham,Jon M;(2014)Discovering the structure of mathematical problem solving.",Search 2,Exclude,Check,,,,
237,237.0,,"Aukland,Stein M;Elgen,Irene B;Odberg,Morten D;Chong,W Kling;Eide,Geir E;Rosendahl,Karen;(2014)Ventricular dilatation in ex-prematures: only confined to the occipital region? MRI-based normative standards for 19-year-old ex-prematures without major handicaps.",Search 2,Exclude,clinical,,,,
238,238.0,,"Blum,Kenneth;Foster Olive,M;Wang,Kevin K W;Febo,Marcelo;Borsten,Joan;Giordano,John;Hauser,Mary;Gold,Mark S;(2013)Hypothesizing that designer drugs containing cathinones (""bath salts"") have profound neuro-inflammatory effects and dangerous neurotoxic response following human consumption.",Search 2,Exclude,clinical,,,,
239,239.0,,"Cavanna,Andrea E;Rickards,Hugh;Ali,Fizzah;(2011)What makes a simple partial seizure complex?",Search 2,Exclude,clinical,,,,
240,240.0,,"Channon,Shelley;Rule,Andrea;Maudgil,David;Martinos,Marina;Pellijeff,Asa;Frankl,Jessica;Drury,Helena;Shieff,Colin;(2007)Interpretation of mentalistic actions and sarcastic remarks: effects of frontal and posterior lesions on mentalising.",Search 2,Exclude,clinical,,,,
241,241.0,,"Emmorey,Karen;Weisberg,Jill;McCullough,Stephen;Petrich,Jennifer A F;(2013)Mapping the reading circuitry for skilled deaf readers: an fMRI study of semantic and phonological processing.",Search 2,Exclude,clinical,,,,
242,242.0,,"Hillemanns,Andreas;Kortmann,Rolf-Dieter;Herrlinger,Ulrich;Skalej,Martin;Krapf,Hilmar;(2003)Recurrent delayed brain hemorrhage over years after irradiation and chemotherapy for astrocytoma.",Search 2,Exclude,clinical,,,,
243,243.0,,"Izycka-Swieszewska,Ewa;Majewska,Hanna;Szurowska,Edyta;Mazurkiewicz-Bedzinska,Maria;Drozynska,Elzbieta;(2008)Papillary glioneuronal tumour of the precentral gyrus.",Search 2,Exclude,clinical,,,,
244,244.0,,"Kobayashi,Zen;Tanaka,Hiroaki;Tao,Osamu;Shiraishi,Atushi;Yokota,Takanori;Kanda,Takashi;Mizusawa,Hidehiro;Yamaguchi,Hiroaki;Hirota,Nobuo;(2003)[Multiple cerebral embolism caused by a patent foramen ovale and a uterine myoma].",Search 2,Exclude,clinical,,,,
245,245.0,,"Ladouceur,Cecile D;Farchione,Tiffany;Diwadkar,Vaibhav;Pruitt,Patrick;Radwan,Jacqueline;Axelson,David A;Birmaher,Boris;Phillips,Mary L;(2011)Differential patterns of abnormal activity and connectivity in the amygdala-prefrontal circuitry in bipolar-I and bipolar-NOS youth.",Search 2,Exclude,clinical,,,,
246,246.0,,"Mahadevan,Anita;Vaidya,Sunil R;Wairagkar,Niteen S;Khedekar,Deepika;Kovoor,Jerry M E;Santosh,Vani;Yasha,T C;Satishchandra,P;Ravi,V;Shankar,S K;(2008)Case of fulminant-SSPE associated with measles genotype D7 from India: an autopsy study.",Search 2,Exclude,clinical,,,,
247,247.0,,"Raine,Adrian;Ishikawa,Sharon S;Arce,Estibaliz;Lencz,Todd;Knuth,Kevin H;Bihrle,Susan;LaCasse,Lori;Colletti,Patrick;(2004)Hippocampal structural asymmetry in unsuccessful psychopaths.",Search 2,Exclude,clinical,,,,
248,248.0,,"Spiegel,David;Lewis-Fernandez,Roberto;Lanius,Ruth;Vermetten,Eric;Simeon,Daphne;Friedman,Matthew;(2013)Dissociative disorders in DSM-5.",Search 2,Exclude,clinical,,,,
249,249.0,,"Sullivan,Edith V;Harding,Antony J;Pentney,Roberta;Dlugos,Cynthia;Martin,Peter R;Parks,Mitchell H;Desmond,John E;Chen,S H Annabel;Pryor,Michelle R;De Rosa,Eve;Pfefferbaum,Adolf;(2003)Disruption of frontocerebellar circuitry and function in alcoholism.",Search 2,Exclude,clinical,,,,
250,250.0,,"Taghi,Ali;Ali,Ahmed;Clarke,Peter;(2012)Craniofacial resection and its role in the management of sinonasal malignancies.",Search 2,Exclude,clinical,,,,
251,251.0,,"Wee,Chong-Yaw;Yap,Pew-Thian;Zhang,Daoqiang;Wang,Lihong;Shen,Dinggang;(2012)Constrained sparse functional connectivity networks for MCI classification.",Search 2,Exclude,clinical,,,,
252,252.0,,"Xuan,Yun;Meng,Chun;Yang,Yanhui;Zhu,Chaozhe;Wang,Liang;Yan,Qian;Lin,Chunlan;Yu,Chunshui;(2012)Resting-state brain activity in adult males who stutter.",Search 2,Exclude,clinical,,,,
253,253.0,,"Leckman,James F;Bloch,Michael H;(2008)A developmental and evolutionary perspective on obsessive-compulsive disorder: whence and whither compulsive hoarding?",Search 2,Exclude,clinical,,,,
254,254.0,23,"Shinkareva, Svetlana V Malave, Vicente L Just, Marcel Adam Mitchell, Tom M (2012) Exploring commonalities across participants in the neural representation of objects.",NOT IN Search 2,Include,,,stimuli identity_,,
255,255.0,69,"Mahon,B Z;Caramazza,A;(2010)Judging semantic similarity: an event-related fMRI study with auditory word stimuli.",NOT IN Search 2,Include,,,word similarity,,
256,256.0,65,"Liu,Taosheng;Hospadaruk,Luke;Zhu,David C;Gardner,Justin L;(2011)Feature-specific attentional priority signals in human cortex.",Search 2,Include,,,,,
257,257.0,68,"Sobhani,Mona;Fox,Glenn R;Kaplan,Jonas;Aziz-Zadeh,Lisa;(2012)Interpersonal liking modulates motor-related neural regions.",Search 2,Include,,,,,
258,258.0,64,"Clithero,John A;Smith,David V;Carter,R McKell;Huettel,Scott A;(2011)Within- and cross-participant classifiers reveal different neural coding of information.",Search 2,Include,,,,,
259,259.0,56,"Gilbert,Sam J;Swencionis,Jillian K;Amodio,David M;(2012)Evaluative vs. trait representation in intergroup social judgments: distinct roles of anterior temporal lobe and prefrontal cortex.",Search 2,Include,,,,,
260,260.0,67,"Soon,Chun Siong;He,Anna Hanxi;Bode,Stefan;Haynes,John-Dylan;(2013)Predicting free choices for abstract intentions.",Search 2,Include,,,,,
261,261.0,1,"Woolgar, Alexandra Thompson, Russell Bor, Daniel Duncan, John (2011) Multi-voxel coding of stimuli, rules, and responses in human frontoparietal cortex",Search 2,Include,,,S-R Rule,,
262,262.0,2,"Hou, Youyang Liu, Taosheng (2012) Neural correlates of object-based attentional selection in human cortex",Search 2,Include,,,attention (different objects,,
263,263.0,3,"Zhang, J. Kriegeskorte, N. Carlin, J. D. Rowe, J. B. (2013) Choosing the Rules: Distinct and Overlapping Frontoparietal Representations of Task Rules for Perceptual Decisions",Search 2,Include,,,task identity,,
264,264.0,4,"Lewis-Peacock, Jarrod a Postle, Bradley R (2008) Temporary Activation of Long-Term Memory Supports Working Memory",Search 2,Include,,,stimuli identity_,,
265,265.0,5,"Nelissen, N. Stokes, M. Nobre, a. C. Rushworth, M. F. S. (2013) Frontal and Parietal Cortical Interactions with Distributed Visual Representations during Selective Attention and Action Selection",Search 2,Include,,,attention,,
266,266.0,6,"Bode, Stefan Haynes, John-Dylan (2009) Decoding sequential stages of task preparation in the human brain",Search 2,Include,,,task identity,,
267,267.0,7,"Cole, Michael W Etzel, Joset a Zacks, Jeffrey M Schneider, Walter Braver, Todd S (2011) Rapid transfer of abstract rules to novel contexts in human lateral prefrontal cortex.",Search 2,Include,,,S-R Rule,,
268,268.0,8,"Riggall, Adam C Postle, Bradley R (2012) The Relationship between Working Memory Storage and Elevated Activity as Measured with Functional Magnetic Resonance Imaging",Search 2,Include,,,task identity,,
269,269.0,9,"Haynes, John-Dylan Sakai, Katsuyuki Rees, Geraint Gilbert, Sam Frith, Chris Passingham, Richard E (2007) Reading Hidden Intentions in the Human Brain",Search 2,Include,,,intention,,
270,270.0,10,"Wang, Jing Baucom, Laura B Shinkareva, Svetlana V (2013) Decoding abstract and concrete concept representations based on single-trial fMRI data.",Search 2,Include,,,stimuli identity_,,
271,271.0,11,"Brodersen, Kay H Wiech, Katja Lomakina, Ekaterina I Lin, Chia-Shu Buhmann, Joachim M Bingel, Ulrike (2012) Decoding the perception of pain from fMRI using multivariate pattern analysis.",Search 2,Include,,,pain,,
272,272.0,12,"Dux, Paul E Tombu, Michael N Harrison, Stephenie Rogers, Baxter P Tong, Frank Marois, Ren_ (2009) Training Improves Multitasking Performance by Increasing the Speed of Information Processing in Human Prefrontal Cortex",Search 2,Include,,,task identity,,
273,273.0,13,"Gallivan, Jason P McLean, D Adam Flanagan, J Randall Culham, Jody C (2013) Where One Hand Meets the Other: Limb-Specific and Action- Dependent Movement Plans Decoded from Preparatory Signals in Single Human Frontoparietal Brain Areas",Search 2,Include,,,movments,,
274,274.0,16,"Kuhl, Brice aRissman, Jesse Wagner, Anthony D (2012) Multi-voxel patterns of visual category representation during episodic encoding are predictive of subsequent memory.",Search 2,Include,,,stimuli identity_,,
275,275.0,18,"Li, Sheng Ostwald, Dirk Giese, Martin Kourtzi, Zoe (2007) Flexible Coding for Categorical Decisions in the Human Brain",Search 2,Include,,,task identity,,
276,276.0,20,"Reverberi, Carlo G_rgen, Kai Haynes, John-Dylan (2012) Distributed representations of rule identity and rule order in human frontal cortex and striatum.",Search 2,Include,,,S-R Rule,,
277,277.0,21,"Reverberi, Carlo G_rgen, Kai Haynes, John-Dylan (2011). Compositionality of rule representations in human prefrontal cortex.",Search 2,Include,,,S-R Rule,,
278,278.0,22,"Schlegel, a. Kohler, P. J. Fogelson, S. V. Alexander, P. Konuthula, D. Tse, P. U. (2013)_ Network structure and dynamics of the mental workspace",Search 2,Include,,,task identity,,
279,279.0,24,"Soon, Chun Siong Brass, Marcel Heinze, Hans-Jochen Haynes, John-Dylan (2008)._ Unconscious determinants of free decisions in the human brain.",Search 2,Include,,,intention,,
280,280.0,25,"Tamber-Rosenau,Benjamin J;Esterman,Michael;Chiu,Yu-Chin;Yantis,Steven;(2011)Cortical mechanisms of cognitive control for shifting attention in vision and working memory.",Search 2,Include,,,attention (internal vs external shifts),,
281,281.0,26,"Bode,Stefan;He,Anna Hanxi;Soon,Chun Siong;Trampel,Robert;Turner,Robert;Haynes,John-Dylan;(2011)Tracking the unconscious generation of free decisions using ultra-high field fMRI.",Search 2,Include,,,intention,,
282,282.0,28,"Woolgar, Alexandra Hampshire, Adam Thompson, Russell Duncan, John (2011). Adaptive coding of task-relevant information in human frontoparietal cortex.",Search 2,Include,,,S-R Rule,,
283,283.0,30,"Bogler C, Bode S, Haynes JD (2011) Decoding successive computational stages of saliency processing. Curr Biol 21:1667_1671._",Search 2,Include,,,stimuli identity_,,
284,284.0,31,"Yang,Zhi;Huang,Zirui;Gonzalez-Castillo,Javier;Dai,Rui;Northoff,Georg;Bandettini,Peter;(2014)Using fMRI to decode true thoughts independent of intention to conceal.",Search 2,Include,,,intention,,
285,285.0,32,"Axelrod,Vadim;Bar,Moshe;Rees,Geraint;Yovel,Galit;(2014)Neural Correlates of Subliminal Language Processing.",Search 2,Include,,,stimuli identity_,,
286,286.0,33,"Said,Christopher P;Moore,Christopher D;Engell,Andrew D;Todorov,Alexander;Haxby,James V;(2010)Distributed representations of dynamic facial expressions in the superior temporal sulcus.",Search 2,Include,,,facial expressions,,
287,287.0,35,"Sreenivasan,Kartik K;Vytlacil,Jason;D'Esposito,Mark;(2014)Distributed and dynamic storage of working memory stimulus information in extrastriate cortex.",Search 2,Include,,,stimuli category_,,
288,288.0,36,"Lee Sue-Hye,_ Dwight J Kravitz_ & Chris I Baker (2013). Goal-dependent dissociation of visual and prefrontal cortices during working memory",Search 2,Include,,,,,
289,289.0,37,"Vickery, Timothy J Chun, Marvin M Lee, Daeyeol (2011) Ubiquity and specificity of reinforcement signals throughout the human brain.",Search 2,Include,,,choice,,
290,290.0,39,"Tusche, Anita Bode, Stefan Haynes, John-Dylan (2010). Neural responses to unattended products predict later consumer choices.",Search 2,Include,,,choice,,
291,291.0,40,"Chen,Anthony J-W;Britton,Michael;Turner,Gary R;Vytlacil,Jason;Thompson,Todd W;D'Esposito,Mark;(2012)Goal-directed attention alters the tuning of object-based representations in extrastriate cortex.",Search 2,Include,,,attention,,
292,292.0,41,"Tamber-Rosenau,Benjamin J;Dux,Paul E;Tombu,Michael N;Asplund,Christopher L;Marois,Rene;(2013)Amodal processing in human prefrontal cortex.",Search 2,Include,,,task idendity,,
293,293.0,42,"Momennejad,Ida;Haynes,John-Dylan;(2013)Encoding of prospective tasks in the human prefrontal cortex under varying task loads.",Search 2,Include,,,intention,,
294,294.0,43,"Bulthe,J;De Smedt,B;Op de Beeck,H P;(2014)Format-dependent representations of symbolic and non-symbolic numbers in the human cortex as revealed by multi-voxel pattern analyses.",Search 2,Include,,,stimuli identity_,,
295,295.0,44,"Manelis,Anna;Reder,Lynne M;(2013)He Who Is Well Prepared Has Half Won The Battle: An fMRI Study of Task Preparation.",Search 2,Include,,,task identity,,
296,296.0,46,"Soto, Fabian a Waldschmidt, Jennifer G Helie, Sebastien_ Ashby, F Gregory (2013)_ Brain activity across the development of automatic categorization: a comparison of categorization tasks using multi-voxel pattern analysis.",Search 2,Include,,,,,
297,297.0,47,"Gallivan, Jason P McLean, D Adam Valyear, Kenneth F Culham, Jody C (2013) Decoding the neural mechanisms of human tool use.",Search 2,Include,,,movements,,
298,298.0,48,"Gallivan, Jason P McLean, D Adam Smith, Fraser W Culham, Jody C (2011) Decoding Effector-Dependent and Effector-Independent Movement Intentions from Human Parieto-Frontal Brain Activity",Search 2,Include,,,movements,,
299,299.0,49,"Gallivan, Jason P McLean, D Adam Valyear, Kenneth FPettypiece, Charles E Culham, Jody C (2011) Decoding action intentions from preparatory brain activity in human parieto-frontal networks.",Search 2,Include,,,movements,,
300,300.0,50,"Abrams,Daniel A;Ryali,Srikanth;Chen,Tianwen;Balaban,Evan;Levitin,Daniel J;Menon,Vinod;(2013)Multivariate activation and connectivity patterns discriminate speech intelligibility in Wernicke's, Broca's, and Geschwind's areas.",Search 2,Include,,,,,
301,301.0,52,"Abrams,Daniel A;Bhatara,Anjali;Ryali,Srikanth;Balaban,Evan;Levitin,Daniel J;Menon,Vinod;(2011)Decoding temporal structure in music and speech relies on shared brain resources but elicits different fine-scale spatial patterns.",Search 2,Include,,,speech processing_,,
302,302.0,53,"Kaul,Christian;Rees,Geraint;Ishai,Alumit;(2011)The Gender of Face Stimuli is Represented in Multiple Regions in the Human Brain.",Search 2,Include,,,face perception,,
303,303.0,54,"Filimon,Flavia;Rieth,Cory A;Sereno,Martin I;Cottrell,Garrison W;(2014)Observed, Executed, and Imagined Action Representations can be Decoded From Ventral and Dorsal Areas.",Search 2,Include,,,movments,,
304,304.0,55,"Behroozi,Mehdi;Daliri,Mohammad Reza;(2014)RDLPFC area of the brain encodes sentence polarity: a study using fMRI.",Search 2,Include,,,,,
305,305.0,57,"Kuhl,Brice A;Johnson,Marcia K;Chun,Marvin M;(2013)Dissociable neural mechanisms for goal-directed versus incidental memory reactivation.",Search 2,Include,,,,,
306,306.0,59,"Lee,Yune-Sang;Janata,Petr;Frost,Carlton;Hanke,Michael;Granger,Richard;(2011)Investigation of melodic contour processing in the brain using multivariate pattern-based fMRI.",Search 2,Include,,,,,
307,307.0,60,"Hampton,Alan N;O'doherty,John P;(2007)Decoding the neural substrates of reward-related decision making with functional MRI.",Search 2,Include,,,,,
308,308.0,61,"Rolls,Edmund T;Grabenhorst,Fabian;Franco,Leonardo;(2009)Prediction of subjective affective state from brain activations.",Search 2,Include,,,,,
309,309.0,62,"Van der Laan,Laura N;De Ridder,Denise T D;Viergever,Max A;Smeets,Paul A M;(2012)Appearance matters: neural correlates of food choice and packaging aesthetics.",Search 2,Include,,,,,
310,310.0,63,"Ackerman,Christopher M;Courtney,Susan M;(2012)Spatial relations and spatial locations are dissociated within prefrontal and parietal cortex.",Search 2,Include,,,,,
311,311.0,66,"Ritter,Christoph;Hebart,Martin N;Wolbers,Thomas;Bingel,Ulrike;(2014)Representation of spatial information in key areas of the descending pain modulatory system.",Search 2,Include,,,,,
312,312.0,58,"Langleben,Daniel D;Loughead,James W;Bilker,Warren B;Ruparel,Kosha;Childress,Anna Rose;Busch,Samantha I;Gur,Ruben C;(2005)Telling truth from lie in individual subjects with fast event-related fMRI.",Search 2,Include,,,,,
313,314.0,,"Qin,Yulin;Xiang,Jie;Wang,Rifeng;Zhou,Haiyan;Li,Kuncheng;Zhong,Ning;(2012)Neural bases for basic processes in heuristic problem solving: Take solving Sudoku puzzles as an example.",Search3,,,,,252.0,
315,,,"Tschentscher,Nadja;Hauk,Olaf;(2016)Frontal Cortex Supports the Early Structuring of Multiple Solution Steps in Symbolic Problem-solving.",Search3,,,,,0.42471042471,164.0
316,,,"Fruhholz,Sascha;Trost,Wiebke;Grandjean,Didier;(2016)Whispering - The hidden side of auditory communication.",Search3,,,,,0.534412955466,20.0
317,,,"Kuhn,S;Gallinat,J;(2016)Neurobiological Basis of Hypersexuality.",Search3,,,,,0.420289855072,35.0
318,,,"Borst,Jelmer P;Ghuman,Avniel S;Anderson,John R;(2016)Tracking cognitive processing stages with MEG: A spatio-temporal model of associative recognition in the brain.",Search3,,,,,0.452229299363,105.0
319,,,"Yang,Zhou;Jackson,Todd;Huang,Chengzhi;(2016)Neural Activation during Anticipation of Near Pain-Threshold Stimulation among the Pain-Fearful.",Search3,,,,,0.385093167702,18.0
320,,,"Sakreida,Katrin;Effnert,Isabel;Thill,Serge;Menz,Mareike M;Jirak,Doreen;Eickhoff,Claudia R;Ziemke,Tom;Eickhoff,Simon B;Borghi,Anna M;Binkofski,Ferdinand;(2016)Affordance processing in segregated parieto-frontal dorsal stream sub-pathways.",Search3,,,,,0.408551068884,6.0
321,,,"Yargholi,Elahe';Hossein-Zadeh,Gholam-Ali;(2016)Brain Decoding-Classification of Hand Written Digits from fMRI Data Employing Bayesian Networks.",Search3,,,,,0.416988416988,115.0
322,,,"Wagner,Isabella C;van Buuren,Mariet;Bovy,Leonore;Fernandez,Guillen;(2016)Parallel Engagement of Regions Associated with Encoding and Later Retrieval Forms Durable Memories.",Search3,,,,,0.383233532934,139.0
323,,,"Nardo,Davide;Console,Paola;Reverberi,Carlo;Macaluso,Emiliano;(2016)Competition between Visual Events Modulates the Influence of Salience during Free-Viewing of Naturalistic Videos.",Search3,,,,,0.362666666667,5.0
324,,,"Markiewicz,Christopher J;Bohland,Jason W;(2016)Mapping the cortical representation of speech sounds in a syllable repetition task.",Search3,,,,,0.480392156863,35.0
325,,,"Carota,Francesca;Bozic,Mirjana;Marslen-Wilson,William;(2016)Decompositional Representation of Morphological Complexity: Multivariate fMRI Evidence from Italian.",Search3,,,,,0.392749244713,303.0
326,,,"Yan,Chao;Su,Li;Wang,Yi;Xu,Ting;Yin,Da-Zhi;Fan,Ming-Xia;Deng,Ci-Ping;Hu,Yang;Wang,Zhao-Xin;Cheung,Eric F C;Lim,Kelvin O;Chan,Raymond C K;(2016)Multivariate Neural Representations of Value during Reward Anticipation and Consummation in the Human Orbitofrontal Cortex.",Search3,,,,,0.422604422604,166.0
327,,,"Eger,E;(2016)Neuronal foundations of human numerical representations.",Search3,,,,,0.448717948718,55.0
328,,,"Aarabi,Ardalan;Huppert,Theodore J;(2016)Characterization of the relative contributions from systemic physiological noise to whole-brain resting-state functional near-infrared spectroscopy data using single-channel independent component analysis.",Search3,,,,,0.389294403893,92.0
329,,,"Nishimoto,Shinji;Nishida,Satoshi;(2016)Lining Up Brains via a Common Representational Space.",Search3,,,,,0.421052631579,153.0
330,,,"Woolgar,Alexandra;Jackson,Jade;Duncan,John;(2016)Coding of Visual, Auditory, Rule, and Response Information in the Brain: 10 Years of Multivoxel Pattern Analysis.",Search3,,,,,0.523961661342,261.0
331,,,"de la Vega,Alejandro;Chang,Luke J;Banich,Marie T;Wager,Tor D;Yarkoni,Tal;(2016)Large-Scale Meta-Analysis of Human Medial Frontal Cortex Reveals Tripartite Functional Organization.",Search3,,,,,0.423076923077,111.0
332,,,"Brown,Thackery I;Carr,Valerie A;LaRocque,Karen F;Favila,Serra E;Gordon,Alan M;Bowles,Ben;Bailenson,Jeremy N;Wagner,Anthony D;(2016)Prospective representation of navigational goals in the human hippocampus.",Search3,,,,,0.408408408408,148.0
333,,,"Crittenden,Ben M;Mitchell,Daniel J;Duncan,John;(2016)Task Encoding across the Multiple Demand Cortex Is Consistent with a Frontoparietal and Cingulo-Opercular Dual Networks Distinction.",Search3,,,,,0.5,261.0
334,,,"Sutherland,Matthew T;Riedel,Michael C;Flannery,Jessica S;Yanes,Julio A;Fox,Peter T;Stein,Elliot A;Laird,Angela R;(2016)Chronic cigarette smoking is linked with structural alterations in brain regions showing acute nicotinic drug-induced functional modulations.",Search3,,,,,0.34965034965,274.0
335,,,"Ceravolo,Leonardo;Fruhholz,Sascha;Grandjean,Didier;(2016)Modulation of Auditory Spatial Attention by Angry Prosody: An fMRI Auditory Dot-Probe Study.",Search3,,,,,0.433460076046,229.0
336,,,"Fruhholz,Sascha;van der Zwaag,Wietske;Saenz,Melissa;Belin,Pascal;Schobert,Anne-Kathrin;Vuilleumier,Patrik;Grandjean,Didier;(2016)Neural decoding of discriminative auditory object features depends on their socio-affective valence.",Search3,,,,,0.403361344538,148.0
337,,,"Gonzalez,Claudia C;Billington,Jac;Burke,Melanie R;(2016)The involvement of the fronto-parietal brain network in oculomotor sequence learning using fMRI.",Search3,,,,,0.430188679245,304.0
338,,,"Baggio,Giosue;Cherubini,Paolo;Pischedda,Doris;Blumenthal,Anna;Haynes,John-Dylan;Reverberi,Carlo;(2016)Multiple neural representations of elementary logical connectives.",Search3,,,,,0.48125,276.0
339,,,"Bursley,James K;Nestor,Adrian;Tarr,Michael J;Creswell,J David;(2016)Awake, Offline Processing during Associative Learning.",Search3,,,,,0.409556313993,306.0
340,,,"Wisniewski,David;Goschke,Thomas;Haynes,John-Dylan;(2016)Similar coding of freely chosen and externally cued intentions in a fronto-parietal network.",Search3,,,,,0.517647058824,106.0
341,,,"Dormal,Giulia;Rezk,Mohamed;Yakobov,Esther;Lepore,Franco;Collignon,Olivier;(2016)Auditory motion in the sighted and blind: Early visual deprivation triggers a large-scale imbalance between auditory and ""visual"" brain regions.",Search3,,,,,0.373786407767,66.0
342,,,"Kumar,Sukhbinder;Joseph,Sabine;Gander,Phillip E;Barascud,Nicolas;Halpern,Andrea R;Griffiths,Timothy D;(2016)A Brain System for Auditory Working Memory.",Search3,,,,,0.40625,99.0
343,,,"Kayser,Stephanie J;McNair,Steven W;Kayser,Christoph;(2016)Prestimulus influences on auditory perception from sensory representations and decision processes.",Search3,,,,,0.415902140673,23.0
344,,,"Kogler,Lydia;Muller,Veronika I;Seidel,Eva-Maria;Boubela,Roland;Kalcher,Klaudius;Moser,Ewald;Habel,Ute;Gur,Ruben C;Eickhoff,Simon B;Derntl,Birgit;(2016)Sex differences in the functional connectivity of the amygdalae in association with cortisol.",Search3,,,,,0.383177570093,6.0
345,,,"Lim,Julian;Teng,James;Wong,Kian Foong;Chee,Michael W L;(2016)Modulating rest-break length induces differential recruitment of automatic and controlled attentional processes upon task reengagement.",Search3,,,,,0.420731707317,4.0
346,,,"Guntupalli,J Swaroop;Hanke,Michael;Halchenko,Yaroslav O;Connolly,Andrew C;Ramadge,Peter J;Haxby,James V;(2016)A Model of Representational Spaces in Human Cortex.",Search3,,,,,0.418118466899,256.0
347,,,"Lee,Sue-Hyun;Baker,Chris I;(2016)Multi-Voxel Decoding and the Topography of Maintained Information During Visual Working Memory.",Search3,,,,,0.438461538462,58.0
348,,,"Muhle-Karbe,Paul S;Duncan,John;De Baene,Wouter;Mitchell,Daniel J;Brass,Marcel;(2016)Neural Coding for Instruction-Based Task Sets in Human Frontoparietal and Visual Cortex.",Search3,,,,,0.44099378882,282.0
349,,,"Andreu-Perez,Javier;Leff,Daniel Richard;Shetty,Kunal;Darzi,Ara;Yang,Guang-Zhong;(2016)Disparity in Frontal Lobe Connectivity on a Complex Bimanual Motor Task Aids in Classification of Operator Skill Level.",Search3,,,,,0.411267605634,251.0
350,,,"Jeong,Su Keun;Xu,Yaoda;(2016)Behaviorally Relevant Abstract Object Identity Representation in the Human Parietal Cortex.",Search3,,,,,0.491228070175,156.0
351,,,"de Borst,Aline W;Valente,Giancarlo;Jaaskelainen,Iiro P;Tikka,Pia;(2016)Brain-based decoding of mentally imagined film clips and sounds reveals experience-based information patterns in film professionals.",Search3,,,,,0.378947368421,71.0
352,,,"Liu,Taosheng;(2016)Neural representation of object-specific attentional priority.",Search3,,,,,0.623655913978,262.0
353,,,"Etzel,Joset A;Valchev,Nikola;Gazzola,Valeria;Keysers,Christian;(2016)Is Brain Activity during Action Observation Modulated by the Perceived Fairness of the Actor?",Search3,,,,,0.381877022654,149.0
354,,,"Riley,Mitchell R;Constantinidis,Christos;(2015)Role of Prefrontal Persistent Activity in Working Memory.",Search3,,,,,0.525423728814,58.0
355,,,"Pogoda,Luca;Holzer,Matthias;Mormann,Florian;Weber,Bernd;(2016)Multivariate representation of food preferences in the human brain.",Search3,,,,,0.498054474708,148.0
356,,,"Fernandes,Orlando;Portugal,Liana C L;Alves,Rita de Cassia S;Arruda-Sanchez,Tiago;Rao,Anil;Volchan,Eliane;Pereira,Mirtes;Oliveira,Leticia;Mourao-Miranda,Janaina;(2016)Decoding negative affect personality trait from patterns of brain activation to threat stimuli.",Search3,,,,,0.351706036745,308.0
357,,,"Damarla,Saudamini Roy;Cherkassky,Vladimir L;Just,Marcel Adam;(2016)Modality-independent representations of small quantities based on brain activation patterns.",Search3,,,,,0.459546925566,169.0
358,,,"Rissman,Jesse;Chow,Tiffany E;Reggente,Nicco;Wagner,Anthony D;(2016)Decoding fMRI Signatures of Real-world Autobiographical Memory Retrieval.",Search3,,,,,0.47619047619,111.0
359,,,"Waskom,Michael L;Frank,Michael C;Wagner,Anthony D;(2016)Adaptive Engagement of Cognitive Control in Context-Dependent Decision Making.",Search3,,,,,0.422442244224,280.0
360,,,"Anderson,John R;Bothell,Daniel;Fincham,Jon M;Moon,Jungaa;(2016)The sequential structure of brain activation predicts skill.",Search3,,,,,0.588744588745,236.0
361,,,"Di Bono,Maria Grazia;Begliomini,Chiara;Castiello,Umberto;Zorzi,Marco;(2015)Probing the reaching-grasping network in humans through multivoxel pattern decoding.",Search3,,,,,0.398692810458,149.0
362,,,"Westphal,Andrew J;Reggente,Nicco;Ito,Kaori L;Rissman,Jesse;(2016)Shared and distinct contributions of rostrolateral prefrontal cortex to analogical reasoning and episodic memory retrieval.",Search3,,,,,0.406976744186,73.0
363,,,"Lam,J M;Globas,C;Hosp,J A;Karnath,H-O;Wachter,T;Luft,A R;(2016)Impaired implicit learning and feedback processing after stroke.",Search3,,,,,0.430622009569,71.0
364,,,"Shikauchi,Yumi;Ishii,Shin;(2015)Decoding the view expectation during learned maze navigation from human fronto-parietal network.",Search3,,,,,0.449339207048,231.0
365,,,"Tamir,Diana I;Thornton,Mark A;Contreras,Juan Manuel;Mitchell,Jason P;(2016)Neural evidence that three dimensions organize mental state representation: Rationality, social impact, and valence.",Search3,,,,,0.403314917127,303.0
366,,,"Weisholtz,Daniel S;Root,James C;Butler,Tracy;Tuscher,Oliver;Epstein,Jane;Pan,Hong;Protopopescu,Xenia;Goldstein,Martin;Isenberg,Nancy;Brendel,Gary;LeDoux,Joseph;Silbersweig,David A;Stern,Emily;(2015)Beyond the amygdala: Linguistic threat modulates peri-sylvian semantic access cortices.",Search3,,,,,0.32808988764,227.0
367,,,"Van Overwalle,Frank;Ma,Ning;Baetens,Kris;(2015)Nice or nerdy? The neural representation of social and competence traits.",Search3,,,,,0.443298969072,35.0
368,,,"Demanuele,Charmaine;Bahner,Florian;Plichta,Michael M;Kirsch,Peter;Tost,Heike;Meyer-Lindenberg,Andreas;Durstewitz,Daniel;(2015)A statistical approach for segregating cognitive task stages from multivariate fMRI BOLD time series.",Search3,,,,,0.36641221374,152.0
369,,,"Jiang,Jiefeng;Brashier,Nadia M;Egner,Tobias;(2015)Memory Meets Control in Hippocampal and Striatal Binding of Stimuli, Responses, and Attentional Control States.",Search3,,,,,0.386904761905,135.0
370,,,"Morawetz,Carmen;Bode,Stefan;Baudewig,Juergen;Jacobs,Arthur M;Heekeren,Hauke R;(2016)Neural representation of emotion regulation goals.",Search3,,,,,0.442307692308,35.0
371,,,"Pilgramm,Sebastian;de Haas,Benjamin;Helm,Fabian;Zentgraf,Karen;Stark,Rudolf;Munzert,Jorn;Kruger,Britta;(2016)Motor imagery of hand actions: Decoding the content of motor imagery from brain activity in frontal and parietal motor areas.",Search3,,,,,0.421593830334,94.0
372,,,"Danelli,Laura;Marelli,Marco;Berlingeri,Manuela;Tettamanti,Marco;Sberna,Maurizio;Paulesu,Eraldo;Luzzatti,Claudio;(2015)Framing effects reveal discrete lexical-semantic and sublexical procedures in reading: an fMRI study.",Search3,,,,,0.371727748691,212.0
373,,,"Lee,Su Mei;McCarthy,Gregory;(2015)Neural regions discriminating contextual information as conveyed through the learned preferences of others.",Search3,,,,,0.428115015974,192.0
374,,,"Kragel,James E;Polyn,Sean M;(2016)Decoding Episodic Retrieval Processes: Frontoparietal and Medial Temporal Lobe Contributions to Free Recall.",Search3,,,,,0.393103448276,154.0
375,,,"Bracci,Stefania;Caramazza,Alfonso;Peelen,Marius V;(2015)Representational Similarity of Body Parts in Human Occipitotemporal Cortex.",Search3,,,,,0.55230125523,156.0
376,,,"Erez,Yaara;Duncan,John;(2015)Discrimination of Visual Categories Based on Behavioral Relevance in Widespread Regions of Frontoparietal Cortex.",Search3,,,,,0.464646464646,94.0
377,,,"Bracci,Stefania;Cavina-Pratesi,Cristiana;Connolly,Jason D;Ietswaart,Magdalena;(2016)Representational content of occipitotemporal and parietal tool areas.",Search3,,,,,0.415584415584,94.0
378,,,"Ball,G;Aljabar,P;Arichi,T;Tusor,N;Cox,D;Merchant,N;Nongena,P;Hajnal,J V;Edwards,A D;Counsell,S J;(2016)Machine-learning to characterise neonatal functional connectivity in the preterm brain.",Search3,,,,,0.405882352941,251.0
379,,,"Richter,Franziska R;Chanales,Avi J H;Kuhl,Brice A;(2016)Predicting the integration of overlapping memories by decoding mnemonic processing states during learning.",Search3,,,,,0.432926829268,152.0
380,,,"Atir-Sharon,Tali;Gilboa,Asaf;Hazan,Hananel;Koilis,Ester;Manevitz,Larry M;(2015)Decoding the Formation of New Semantics: MVPA Investigation of Rapid Neocortical Plasticity during Associative Encoding through Fast Mapping.",Search3,,,,,0.392045454545,58.0
381,,,"Shi,Yingchao;Zeng,Weiming;Wang,Nizhuan;Wang,Shujiang;Huang,Zhijian;(2015)Early warning for human mental sub-health based on fMRI data analysis: an example from a seafarers' resting-data study.",Search3,,,,,0.38418079096,26.0
382,,,"Lee Masson,Haemy;Bulthe,Jessica;Op de Beeck,Hans P;Wallraven,Christian;(2016)Visual and Haptic Shape Processing in the Human Brain: Unisensory Processing, Multisensory Convergence, and Top-Down Influences.",Search3,,,,,0.409448818898,294.0
383,,,"Anderson,Andrew James;Bruni,Elia;Lopopolo,Alessandro;Poesio,Massimo;Baroni,Marco;(2015)Reading visually embodied meaning from the brain: Visually grounded computational models decode visual-object mental imagery induced by written text.",Search3,,,,,0.446700507614,205.0
384,,,"Zhang,Huaijian;Chavarriaga,Ricardo;del R Millan,Jose;(2015)Discriminant brain connectivity patterns of performance monitoring at average and single-trial levels.",Search3,,,,,0.484679665738,67.0
385,,,"Pannese,Alessia;Grandjean,Didier;Fruhholz,Sascha;(2015)Subcortical processing in auditory communication.",Search3,,,,,0.448275862069,146.0
386,,,"Evans,Samuel;Davis,Matthew H;(2015)Hierarchical Organization of Auditory and Motor Representations in Speech Perception: Evidence from Searchlight Similarity Analysis.",Search3,,,,,0.416901408451,66.0
387,,,"Handjaras,Giacomo;Bernardi,Giulio;Benuzzi,Francesca;Nichelli,Paolo F;Pietrini,Pietro;Ricciardi,Emiliano;(2015)A topographical organization for action representation in the human brain.",Search3,,,,,0.407932011331,280.0
388,,,"Karlsson Wirebring,Linnea;Wiklund-Hornqvist,Carola;Eriksson,Johan;Andersson,Micael;Jonsson,Bert;Nyberg,Lars;(2015)Lesser Neural Pattern Similarity across Repeated Tests Is Associated with Better Long-Term Memory Retention.",Search3,,,,,0.479797979798,140.0
389,,,"Gonzalez-Castillo,Javier;Hoy,Colin W;Handwerker,Daniel A;Robinson,Meghan E;Buchanan,Laura C;Saad,Ziad S;Bandettini,Peter A;(2015)Tracking ongoing cognition in individuals using brief, whole-brain functional connectivity patterns.",Search3,,,,,0.405405405405,137.0
390,,,"Beaty,Roger E;Benedek,Mathias;Kaufman,Scott Barry;Silvia,Paul J;(2015)Default and Executive Network Coupling Supports Creative Idea Production.",Search3,,,,,0.368600682594,126.0
391,,,"Breckel,Thomas P K;Giessing,Carsten;Gieseler,Anja;Querbach,Sarah;Reuter,Martin;Thiel,Christiane M;(2015)Nicotinergic Modulation of Attention-Related Neural Activity Differentiates Polymorphisms of DRD2 and CHRNA4 Receptor Genes.",Search3,,,,,0.36276849642,178.0
392,,,"Kim,Junsuk;Chung,Yoon Gi;Park,Jang-Yeon;Chung,Soon-Cheol;Wallraven,Christian;Bulthoff,Heinrich H;Kim,Sung-Phil;(2015)Decoding Accuracy in Supplementary Motor Cortex Correlates with Perceptual Sensitivity to Tactile Roughness.",Search3,,,,,0.347593582888,252.0
393,,,"Seger,Carol A;Braunlich,Kurt;Wehe,Hillary S;Liu,Zhiya;(2015)Generalization in category learning: the roles of representational and decisional uncertainty.",Search3,,,,,0.449567723343,217.0
394,,,"Yamamoto,Hiroki;(2015)[Human Brain Representations of Haptic and Visual Textures].",Search3,,,,,0.512820512821,35.0
395,,,"Woolgar,Alexandra;Afshar,Soheil;Williams,Mark A;Rich,Anina N;(2015)Flexible Coding of Task Rules in Frontoparietal Cortex: An Adaptive System for Flexible Cognitive Control.",Search3,,,,,0.433436532508,282.0
396,,,"Merkel,C;Hopf,J-M;Heinze,H-J;Schoenfeld,M A;(2015)Neural correlates of multiple object tracking strategies.",Search3,,,,,0.481132075472,262.0
397,,,"Halai,Ajay D;Parkes,Laura M;Welbourne,Stephen R;(2015)Dual-echo fMRI can detect activations in inferior temporal lobe during intelligible speech comprehension.",Search3,,,,,0.421875,59.0
398,,,"Kemmer,Phebe B;Guo,Ying;Wang,Yikai;Pagnoni,Giuseppe;(2015)Network-based characterization of brain functional connectivity in Zen practitioners.",Search3,,,,,0.449438202247,33.0
399,,,"Wang,Yida;Cohen,Jonathan D;Li,Kai;Turk-Browne,Nicholas B;(2015)Full correlation matrix analysis (FCMA): An unbiased method for task-related functional connectivity.",Search3,,,,,0.394822006472,168.0
400,,,"Salti,Moti;Monto,Simo;Charles,Lucie;King,Jean-Remi;Parkkonen,Lauri;Dehaene,Stanislas;(2015)Distinct cortical codes and temporal dynamics for conscious and unconscious percepts.",Search3,,,,,0.401069518717,190.0
401,,,"Johnson,Matthew R;McCarthy,Gregory;Muller,Kathleen A;Brudner,Samuel N;Johnson,Marcia K;(2015)Electrophysiological Correlates of Refreshing: Event-related Potentials Associated with Directing Reflective Attention to Face, Scene, or Word Representations.",Search3,,,,,0.357142857143,310.0
402,,,"Schudlo,Larissa C;Chau,Tom;(2015)Single-trial classification of near-infrared spectroscopy signals arising from multiple cortical regions.",Search3,,,,,0.47619047619,190.0
403,,,"Qiao,Jianping;Wang,Zhishun;Geronazzo-Alman,Lupo;Amsel,Lawrence;Duarte,Cristiane;Lee,Seonjoo;Musa,George;Long,Jun;He,Xiaofu;Doan,Thao;Hirsch,Joy;Hoven,Christina W;(2015)Brain activity classifies adolescents with and without a familial history of substance use disorders.",Search3,,,,,0.333333333333,135.0
404,,,"Chan,Jason L;Kucyi,Aaron;DeSouza,Joseph F X;(2015)Stable Task Representations under Attentional Load Revealed with Multivariate Pattern Analysis of Human Brain Activity.",Search3,,,,,0.509803921569,170.0
405,,,"Saarimaki,Heini;Gotsopoulos,Athanasios;Jaaskelainen,Iiro P;Lampinen,Jouko;Vuilleumier,Patrik;Hari,Riitta;Sams,Mikko;Nummenmaa,Lauri;(2016)Discrete Neural Signatures of Basic Emotions.",Search3,,,,,0.398713826367,148.0
406,,,"Roldan-Valadez,Ernesto;Suarez-May,Marcela A;Favila,Rafael;Aguilar-Castaneda,Erika;Rios,Camilo;(2015)Selected Gray Matter Volumes and Gender but Not Basal Ganglia nor Cerebellum Gyri Discriminate Left Versus Right Cerebral Hemispheres: Multivariate Analyses in human Brains at 3T.",Search3,,,,,0.330909090909,85.0
407,,,"Cole,Michael W;Ito,Takuya;Braver,Todd S;(2016)The Behavioral Relevance of Task Information in Human Prefrontal Cortex.",Search3,,,,,0.534246575342,267.0
408,,,"Kim,Junsuk;Schultz,Johannes;Rohe,Tim;Wallraven,Christian;Lee,Seong-Whan;Bulthoff,Heinrich H;(2015)Abstract representations of associated emotions in the human brain.",Search3,,,,,0.546075085324,148.0
409,,,"Kambeitz-Ilankovic,Lana;Meisenzahl,Eva M;Cabral,Carlos;von Saldern,Sebastian;Kambeitz,Joseph;Falkai,Peter;Moller,Hans-Jurgen;Reiser,Maximilian;Koutsouleris,Nikolaos;(2016)Prediction of outcome in the psychosis prodrome using neuroanatomical pattern classification.",Search3,,,,,0.36320754717,227.0
410,,,"Peth,Judith;Sommer,Tobias;Hebart,Martin N;Vossel,Gerhard;Buchel,Christian;Gamer,Matthias;(2015)Memory detection using fMRI - does the encoding context matter?",Search3,,,,,0.433962264151,311.0
411,,,"Kahnt,Thorsten;Weber,Susanna C;Haker,Helene;Robbins,Trevor W;Tobler,Philippe N;(2015)Dopamine D2-receptor blockade enhances decoding of prefrontal signals in humans.",Search3,,,,,0.402555910543,154.0
412,,,"McNamee,Daniel;Liljeholm,Mimi;Zika,Ondrej;O'Doherty,John P;(2015)Characterizing the associative content of brain structures involved in habitual and goal-directed actions in humans: a multivariate FMRI study.",Search3,,,,,0.404371584699,163.0
413,,,"Zhang,Shu;Li,Xiang;Lv,Jinglei;Jiang,Xi;Guo,Lei;Liu,Tianming;(2016)Characterizing and differentiating task-based and resting state fMRI signals via two-stage sparse representations.",Search3,,,,,0.368421052632,139.0
414,,,"Kiani,Roozbeh;Cueva,Christopher J;Reppas,John B;Peixoto,Diogo;Ryu,Stephen I;Newsome,William T;(2015)Natural grouping of neural responses reveals spatially segregated clusters in prearcuate cortex.",Search3,,,,,0.440476190476,310.0
415,,,"Hoekzema,Elseline;Schagen,Sebastian E E;Kreukels,Baudewijntje P C;Veltman,Dick J;Cohen-Kettenis,Peggy T;Delemarre-van de Waal,Henriette;Bakker,Julie;(2015)Regional volumes and spatial volumetric distribution of gray matter in the gender dysphoric brain.",Search3,,,,,0.332552693208,0.0
416,,,"Axelrod,Vadim;Yovel,Galit;(2015)Successful decoding of famous faces in the fusiform face area.",Search3,,,,,0.41095890411,293.0
417,,,"Mason,Robert A;Just,Marcel Adam;(2015)Physics instruction induces changes in neural knowledge representation during successive stages of learning.",Search3,,,,,0.411149825784,130.0
418,,,"deBettencourt,Megan T;Cohen,Jonathan D;Lee,Ray F;Norman,Kenneth A;Turk-Browne,Nicholas B;(2015)Closed-loop training of attention with real-time brain imaging.",Search3,,,,,0.396103896104,126.0
419,,,"Pool,Eva-Maria;Rehme,Anne K;Eickhoff,Simon B;Fink,Gereon R;Grefkes,Christian;(2015)Functional resting-state connectivity of the human motor network: differences between right- and left-handers.",Search3,,,,,0.365168539326,179.0
420,,,"Hebart,Martin N;Gorgen,Kai;Haynes,John-Dylan;(2014)The Decoding Toolbox (TDT): a versatile software package for multivariate analyses of functional imaging data.",Search3,,,,,0.466019417476,154.0
421,,,"Etzel,Joset A;Cole,Michael W;Zacks,Jeffrey M;Kay,Kendrick N;Braver,Todd S;(2016)Reward Motivation Enhances Task Coding in Frontoparietal Cortex.",Search3,,,,,0.503144654088,267.0
422,,,"Jiang,Weixiong;Liu,Huasheng;Zeng,Lingli;Liao,Jian;Shen,Hui;Luo,Aijing;Hu,Dewen;Wang,Wei;(2015)Decoding the processing of lying using functional connectivity MRI.",Search3,,,,,0.452702702703,181.0
423,,,"Chen,Quanjing;Garcea,Frank E;Mahon,Bradford Z;(2016)The Representation of Object-Directed Action and Function Knowledge in the Human Brain.",Search3,,,,,0.486891385768,148.0
424,,,"Arsenault,Jessica S;Buchsbaum,Bradley R;(2015)Distributed neural representations of phonological features during speech perception.",Search3,,,,,0.486274509804,109.0
425,,,"Woolgar,Alexandra;Williams,Mark A;Rich,Anina N;(2015)Attention enhances multi-voxel representation of novel objects in frontal, parietal and visual cortices.",Search3,,,,,0.480519480519,261.0
426,,,"Tursich,M;Ros,T;Frewen,P A;Kluetsch,R C;Calhoun,V D;Lanius,R A;(2015)Distinct intrinsic network connectivity patterns of post-traumatic stress disorder symptom clusters.",Search3,,,,,0.363636363636,136.0
427,,,"Berry,Anne S;Blakely,Randy D;Sarter,Martin;Lustig,Cindy;(2015)Cholinergic capacity mediates prefrontal engagement during challenges to attention: evidence from imaging genetics.",Search3,,,,,0.398843930636,280.0
428,,,"Lee,Su Mei;McCarthy,Gregory;(2016)Functional Heterogeneity and Convergence in the Right Temporoparietal Junction.",Search3,,,,,0.4,39.0
429,,,"Dayan,Eran;Hamann,Janne M;Averbeck,Bruno B;Cohen,Leonardo G;(2014)Brain structural substrates of reward dependence during behavioral performance.",Search3,,,,,0.462686567164,307.0
430,,,"Mohr,Holger;Wolfensteller,Uta;Frimmel,Steffi;Ruge,Hannes;(2015)Sparse regularization techniques provide novel insights into outcome integration processes.",Search3,,,,,0.40293040293,223.0
431,,,"Schlegel,Alexander;Alexander,Prescott;Fogelson,Sergey V;Li,Xueting;Lu,Zhengang;Kohler,Peter J;Riley,Enrico;Tse,Peter U;Meng,Ming;(2015)The artist emerges: visual art learning alters neural structure and function.",Search3,,,,,0.345945945946,309.0
432,,,"Chen,L;T Vu,A;Xu,J;Moeller,S;Ugurbil,K;Yacoub,E;Feinberg,D A;(2015)Evaluation of highly accelerated simultaneous multi-slice EPI for fMRI.",Search3,,,,,0.345864661654,148.0
433,,,"Skerry,Amy E;Saxe,Rebecca;(2014)A common neural code for perceived and inferred emotion.",Search3,,,,,0.432692307692,204.0
434,,,"Bozic,Mirjana;Fonteneau,Elisabeth;Su,Li;Marslen-Wilson,William D;(2015)Grammatical analysis as a distributed neurobiological function.",Search3,,,,,0.373540856031,175.0
435,,,"Krasovsky,Ariel;Gilron,Roee;Yeshurun,Yehezkel;Mukamel,Roy;(2014)Differentiating intended sensory outcome from underlying motor actions in the human brain.",Search3,,,,,0.439716312057,148.0
436,,,"Cai,Weidong;Ryali,Srikanth;Chen,Tianwen;Li,Chiang-Shan R;Menon,Vinod;(2014)Dissociable roles of right inferior frontal cortex and anterior insula in inhibitory control: evidence from intrinsic and task-related functional parcellation, connectivity, and response profile analyses across multiple datasets.",Search3,,,,,0.378048780488,66.0
437,,,"Behroozi,Mehdi;Daliri,Mohammad Reza;(2014)Predicting brain states associated with object categories from fMRI data.",Search3,,,,,0.631578947368,304.0
438,,,"Vandenbroucke,A R E;Fahrenfort,J J;Meuwese,J D I;Scholte,H S;Lamme,V A F;(2016)Prior Knowledge about Objects Determines Neural Color Representation in Human Visual Cortex.",Search3,,,,,0.415770609319,156.0
439,,,"Anders,Silke;Heussen,Yana;Sprenger,Andreas;Haynes,John-Dylan;Ethofer,Thomas;(2015)Social gating of sensory information during ongoing communication.",Search3,,,,,0.437908496732,205.0
440,,,"Hsu,Chun-Ting;Jacobs,Arthur M;Conrad,Markus;(2015)Can Harry Potter still put a spell on us in a second language? An fMRI study on reading emotion-laden literature in late bilinguals.",Search3,,,,,0.425770308123,150.0
441,,,"D'Esposito,Mark;Postle,Bradley R;(2015)The cognitive neuroscience of working memory.",Search3,,,,,0.497461928934,264.0
442,,,"Cheng,H;Skosnik,P D;Pruce,B J;Brumbaugh,M S;Vollmer,J M;Fridberg,D J;O'Donnell,B F;Hetrick,W P;Newman,S D;(2014)Resting state functional magnetic resonance imaging reveals distinct brain activity in heavy cannabis users - a multi-voxel pattern analysis.",Search3,,,,,0.484304932735,108.0
443,,,"Makovski,Tal;Lavidor,Michal;(2014)Stimulating occipital cortex enhances visual working memory consolidation.",Search3,,,,,0.462311557789,3.0
444,,,"Ramirez,Fernando M;Cichy,Radoslaw M;Allefeld,Carsten;Haynes,John-Dylan;(2014)The neural code for face orientation in the human fusiform face area.",Search3,,,,,0.506944444444,166.0
445,,,"Kim,Na Yeon;Lee,Su Mei;Erlendsdottir,Margret C;McCarthy,Gregory;(2014)Discriminable spatial patterns of activation for faces and bodies in the fusiform gyrus.",Search3,,,,,0.398576512456,175.0
446,,,"Majerus,Steve;Cowan,Nelson;Peters,Frederic;Van Calster,Laurens;Phillips,Christophe;Schrouff,Jessica;(2016)Cross-Modal Decoding of Neural Patterns Associated with Working Memory: Evidence for Attention-Based Accounts of Working Memory.",Search3,,,,,0.387990762125,200.0
447,,,"Ahrens,Merle-Marie;Awwad Shiekh Hasan,Bashar;Giordano,Bruno L;Belin,Pascal;(2014)Gender differences in the temporal voice areas.",Search3,,,,,0.413333333333,123.0
448,,,"Kornysheva,Katja;Diedrichsen,Jorn;(2014)Human premotor areas parse sequences into their spatial and temporal features.",Search3,,,,,0.489626556017,164.0
449,,,"Hebart,Martin N;Schriever,Yoren;Donner,Tobias H;Haynes,John-Dylan;(2016)The Relationship between Perceptual Decision Variables and Confidence in the Human Brain.",Search3,,,,,0.470198675497,279.0
450,,,"Waskom,Michael L;Kumaran,Dharshan;Gordon,Alan M;Rissman,Jesse;Wagner,Anthony D;(2014)Frontoparietal representations of task context support the flexible control of goal-directed cognition.",Search3,,,,,0.417445482866,111.0
451,,,"Chavez,Robert S;Heatherton,Todd F;(2015)Representational similarity of social and valence information in the medial pFC.",Search3,,,,,0.464285714286,311.0
452,,,"Huang,Yu-Feng;Soon,Chun Siong;Mullette-Gillman,O'Dhaniel A;Hsieh,Po-Jang;(2014)Pre-existing brain states predict risky choices.",Search3,,,,,0.435114503817,181.0
453,,,"Wisniewski,David;Reverberi,Carlo;Tusche,Anita;Haynes,John-Dylan;(2015)The Neural Representation of Voluntary Task-Set Selection in Dynamic Environments.",Search3,,,,,0.532894736842,276.0
454,,,"Bogler,Carsten;Mehnert,Jan;Steinbrink,Jens;Haynes,John-Dylan;(2014)Decoding vigilance with NIRS.",Search3,,,,,0.483606557377,154.0
455,,,"Fogelson,Sergey V;Kohler,Peter J;Miller,Kevin J;Granger,Richard;Tse,Peter U;(2014)Unconscious neural processing differs with method used to render stimuli invisible.",Search3,,,,,0.370588235294,150.0
456,,,"Pariyadath,Vani;Stein,Elliot A;Ross,Thomas J;(2014)Machine learning classification of resting state functional connectivity predicts smoking status.",Search3,,,,,0.441176470588,33.0
457,,,"Takashima,Atsuko;Wagensveld,Barbara;van Turennout,Miranda;Zwitserlood,Pienie;Hagoort,Peter;Verhoeven,Ludo;(2014)Training-induced neural plasticity in visual-word decoding and the role of syllables.",Search3,,,,,0.386167146974,169.0
458,,,"Moll,Jorge;Weingartner,Julie H;Bado,Patricia;Basilio,Rodrigo;Sato,Joao R;Melo,Bruno R;Bramati,Ivanei E;de Oliveira-Souza,Ricardo;Zahn,Roland;(2014)Voluntary enhancement of neural signatures of affiliative emotion using FMRI neurofeedback.",Search3,,,,,0.348051948052,89.0
459,,,"Woolgar,Alexandra;Golland,Polina;Bode,Stefan;(2014)Coping with confounds in multivoxel pattern analysis: what should we do about reaction time differences? A comment on Todd, Nystrom & Cohen 2013.",Search3,,,,,0.410557184751,168.0
460,,,"Tusche,Anita;Smallwood,Jonathan;Bernhardt,Boris C;Singer,Tania;(2014)Classifying the wandering mind: revealing the affective content of thoughts during task-free rest periods.",Search3,,,,,0.384364820847,4.0
461,,,"Herff,Christian;Heger,Dominic;Putze,Felix;Hennrich,Johannes;Fortmann,Ole;Schultz,Tanja;(2013)Classification of mental tasks in the prefrontal cortex using fNIRS.",Search3,,,,,0.447552447552,293.0
462,,,"Gallivan,Jason P;McLean,D Adam;Flanagan,J Randall;Culham,Jody C;(2013)Where one hand meets the other: limb-specific and action-dependent movement plans decoded from preparatory signals in single human frontoparietal brain areas.",Search3,,,,,0.659436008677,273.0
463,,,"Heni,Martin;Kullmann,Stephanie;Ketterer,Caroline;Guthoff,Martina;Bayer,Margarete;Staiger,Harald;Machicao,Fausto;Haring,Hans-Ulrich;Preissl,Hubert;Veit,Ralf;Fritsche,Andreas;(2014)Differential effect of glucose ingestion on the neural processing of food stimuli in lean and overweight adults.",Search3,,,,,0.347107438017,217.0
464,,,"Qin,Yulin;Xiang,Jie;Wang,Rifeng;Zhou,Haiyan;Li,Kuncheng;Zhong,Ning;(2012)Neural bases for basic processes in heuristic problem solving: Take solving Sudoku puzzles as an example.",Search3,,,,,0.39755351682,252.0
